{"numpages": 13, "version": "1.0.0", "dimensions": {"exceptions": {}, "width": 594.0, "height": 792.0}, "links": [{"destination": {"pagenum": 10, "name": "2616c38"}, "pagenum": 1, "bbox": [141.0, 429.0, 233.0, 441.0]}, {"destination": {"pagenum": 10, "name": "2616c15"}, "pagenum": 1, "bbox": [317.0, 536.0, 406.0, 548.0]}, {"destination": {"pagenum": 10, "name": "2616c16"}, "pagenum": 1, "bbox": [409.0, 536.0, 553.0, 548.0]}, {"destination": {"pagenum": 10, "name": "2616c27"}, "pagenum": 1, "bbox": [314.0, 547.0, 462.0, 559.0]}, {"destination": {"pagenum": 10, "name": "2616c32"}, "pagenum": 1, "bbox": [466.0, 547.0, 553.0, 559.0]}, {"destination": {"pagenum": 10, "name": "2616c47"}, "pagenum": 1, "bbox": [314.0, 558.0, 401.0, 570.0]}, {"destination": {"pagenum": 11, "name": "2616c50"}, "pagenum": 1, "bbox": [404.0, 558.0, 501.0, 570.0]}, {"destination": {"pagenum": 11, "name": "2616c51"}, "pagenum": 1, "bbox": [504.0, 558.0, 524.0, 570.0]}, {"destination": {"pagenum": 11, "name": "2616c57"}, "pagenum": 1, "bbox": [527.0, 558.0, 556.0, 570.0]}, {"destination": {"pagenum": 11, "name": "2616c57"}, "pagenum": 1, "bbox": [314.0, 570.0, 413.0, 582.0]}, {"destination": {"pagenum": 11, "name": "2616c66"}, "pagenum": 1, "bbox": [416.0, 570.0, 536.0, 582.0]}, {"destination": {"pagenum": 12, "name": "2616c86"}, "pagenum": 1, "bbox": [539.0, 570.0, 556.0, 582.0]}, {"destination": {"pagenum": 12, "name": "2616c86"}, "pagenum": 1, "bbox": [314.0, 581.0, 442.0, 593.0]}, {"destination": {"pagenum": 9, "name": "2616c2"}, "pagenum": 1, "bbox": [317.0, 603.0, 404.0, 615.0]}, {"destination": {"pagenum": 11, "name": "2616c52"}, "pagenum": 1, "bbox": [407.0, 603.0, 465.0, 615.0]}, {"destination": {"pagenum": 9, "name": "2616c4"}, "pagenum": 1, "bbox": [405.0, 636.0, 553.0, 648.0]}, {"destination": {"pagenum": 10, "name": "2616c21"}, "pagenum": 1, "bbox": [314.0, 647.0, 487.0, 659.0]}, {"destination": {"pagenum": 10, "name": "2616c46"}, "pagenum": 1, "bbox": [490.0, 647.0, 556.0, 659.0]}, {"destination": {"pagenum": 10, "name": "2616c46"}, "pagenum": 1, "bbox": [314.0, 659.0, 349.0, 671.0]}, {"destination": {"pagenum": 11, "name": "2616c53"}, "pagenum": 1, "bbox": [353.0, 659.0, 438.0, 671.0]}, {"destination": {"pagenum": 11, "name": "2616c58"}, "pagenum": 1, "bbox": [441.0, 659.0, 496.0, 671.0]}, {"pagenum": 1, "bbox": [136.0, 704.0, 213.0, 715.0], "uri": "mailto:LRodriguez23@uh.edu"}, {"pagenum": 1, "bbox": [509.0, 48.0, 556.0, 56.0], "uri": "http://dx.doi.org/10.1037/a0031737"}, {"destination": {"pagenum": 10, "name": "2616c18"}, "pagenum": 2, "bbox": [128.0, 65.0, 181.0, 77.0]}, {"destination": {"pagenum": 10, "name": "2616c44"}, "pagenum": 2, "bbox": [183.0, 65.0, 238.0, 77.0]}, {"destination": {"pagenum": 11, "name": "2616c71"}, "pagenum": 2, "bbox": [241.0, 65.0, 298.0, 77.0]}, {"destination": {"pagenum": 11, "name": "2616c71"}, "pagenum": 2, "bbox": [56.0, 76.0, 117.0, 88.0]}, {"destination": {"pagenum": 10, "name": "2616c16"}, "pagenum": 2, "bbox": [175.0, 230.0, 252.0, 242.0]}, {"destination": {"pagenum": 10, "name": "2616c45"}, "pagenum": 2, "bbox": [256.0, 230.0, 298.0, 242.0]}, {"destination": {"pagenum": 10, "name": "2616c45"}, "pagenum": 2, "bbox": [56.0, 241.0, 103.0, 253.0]}, {"destination": {"pagenum": 11, "name": "2616c49"}, "pagenum": 2, "bbox": [107.0, 241.0, 210.0, 253.0]}, {"destination": {"pagenum": 11, "name": "2616c58"}, "pagenum": 2, "bbox": [214.0, 241.0, 269.0, 253.0]}, {"destination": {"pagenum": 10, "name": "2616c16"}, "pagenum": 2, "bbox": [84.0, 329.0, 162.0, 341.0]}, {"destination": {"pagenum": 11, "name": "2616c59"}, "pagenum": 2, "bbox": [166.0, 329.0, 267.0, 341.0]}, {"destination": {"pagenum": 11, "name": "2616c70"}, "pagenum": 2, "bbox": [271.0, 329.0, 298.0, 341.0]}, {"destination": {"pagenum": 11, "name": "2616c70"}, "pagenum": 2, "bbox": [56.0, 340.0, 146.0, 352.0]}, {"destination": {"pagenum": 11, "name": "2616c77"}, "pagenum": 2, "bbox": [149.0, 340.0, 241.0, 352.0]}, {"destination": {"pagenum": 10, "name": "2616c26"}, "pagenum": 2, "bbox": [238.0, 362.0, 298.0, 374.0]}, {"destination": {"pagenum": 10, "name": "2616c26"}, "pagenum": 2, "bbox": [56.0, 373.0, 76.0, 385.0]}, {"destination": {"pagenum": 11, "name": "2616c76"}, "pagenum": 2, "bbox": [234.0, 395.0, 298.0, 407.0]}, {"destination": {"pagenum": 11, "name": "2616c76"}, "pagenum": 2, "bbox": [56.0, 406.0, 93.0, 418.0]}, {"destination": {"pagenum": 10, "name": "2616c33"}, "pagenum": 2, "bbox": [155.0, 417.0, 271.0, 429.0]}, {"destination": {"pagenum": 12, "name": "2616c90"}, "pagenum": 2, "bbox": [118.0, 450.0, 226.0, 462.0]}, {"destination": {"pagenum": 11, "name": "2616c77"}, "pagenum": 2, "bbox": [179.0, 472.0, 271.0, 484.0]}, {"destination": {"pagenum": 10, "name": "2616c31"}, "pagenum": 2, "bbox": [121.0, 516.0, 212.0, 528.0]}, {"destination": {"pagenum": 9, "name": "2616c5"}, "pagenum": 2, "bbox": [81.0, 560.0, 180.0, 572.0]}, {"destination": {"pagenum": 10, "name": "2616c43"}, "pagenum": 2, "bbox": [183.0, 560.0, 295.0, 572.0]}, {"destination": {"pagenum": 11, "name": "2616c64"}, "pagenum": 2, "bbox": [56.0, 571.0, 183.0, 583.0]}, {"destination": {"pagenum": 11, "name": "2616c48"}, "pagenum": 2, "bbox": [190.0, 571.0, 298.0, 583.0]}, {"destination": {"pagenum": 11, "name": "2616c77"}, "pagenum": 2, "bbox": [224.0, 615.0, 298.0, 627.0]}, {"destination": {"pagenum": 11, "name": "2616c77"}, "pagenum": 2, "bbox": [56.0, 626.0, 76.0, 638.0]}, {"destination": {"pagenum": 10, "name": "2616c26"}, "pagenum": 2, "bbox": [84.0, 626.0, 179.0, 638.0]}, {"destination": {"pagenum": 10, "name": "2616c14"}, "pagenum": 2, "bbox": [236.0, 681.0, 298.0, 693.0]}, {"destination": {"pagenum": 10, "name": "2616c14"}, "pagenum": 2, "bbox": [56.0, 692.0, 173.0, 704.0]}, {"destination": {"pagenum": 11, "name": "2616c84"}, "pagenum": 2, "bbox": [470.0, 307.0, 551.0, 319.0]}, {"destination": {"pagenum": 9, "name": "2616c1"}, "pagenum": 2, "bbox": [347.0, 351.0, 481.0, 363.0]}, {"destination": {"pagenum": 10, "name": "2616c22"}, "pagenum": 2, "bbox": [487.0, 351.0, 556.0, 363.0]}, {"destination": {"pagenum": 10, "name": "2616c22"}, "pagenum": 2, "bbox": [314.0, 362.0, 369.0, 374.0]}, {"destination": {"pagenum": 10, "name": "2616c10"}, "pagenum": 2, "bbox": [470.0, 384.0, 556.0, 396.0]}, {"destination": {"pagenum": 10, "name": "2616c10"}, "pagenum": 2, "bbox": [314.0, 395.0, 355.0, 407.0]}, {"destination": {"pagenum": 11, "name": "2616c65"}, "pagenum": 2, "bbox": [359.0, 395.0, 553.0, 407.0]}, {"destination": {"pagenum": 11, "name": "2616c68"}, "pagenum": 2, "bbox": [314.0, 406.0, 434.0, 418.0]}, {"destination": {"pagenum": 11, "name": "2616c69"}, "pagenum": 2, "bbox": [437.0, 406.0, 516.0, 418.0]}, {"destination": {"pagenum": 11, "name": "2616c82"}, "pagenum": 2, "bbox": [518.0, 406.0, 556.0, 418.0]}, {"destination": {"pagenum": 11, "name": "2616c82"}, "pagenum": 2, "bbox": [314.0, 417.0, 360.0, 429.0]}, {"destination": {"pagenum": 12, "name": "2616c87"}, "pagenum": 2, "bbox": [363.0, 417.0, 490.0, 429.0]}, {"destination": {"pagenum": 11, "name": "2616c56"}, "pagenum": 2, "bbox": [317.0, 461.0, 529.0, 473.0]}, {"destination": {"pagenum": 10, "name": "2616c23"}, "pagenum": 2, "bbox": [522.0, 483.0, 556.0, 495.0]}, {"destination": {"pagenum": 10, "name": "2616c23"}, "pagenum": 2, "bbox": [314.0, 494.0, 439.0, 506.0]}, {"destination": {"pagenum": 11, "name": "2616c68"}, "pagenum": 2, "bbox": [443.0, 494.0, 516.0, 506.0]}, {"destination": {"pagenum": 9, "name": "2616c2"}, "pagenum": 2, "bbox": [482.0, 527.0, 556.0, 539.0]}, {"destination": {"pagenum": 9, "name": "2616c2"}, "pagenum": 2, "bbox": [314.0, 538.0, 340.0, 550.0]}, {"destination": {"pagenum": 10, "name": "2616c13"}, "pagenum": 2, "bbox": [512.0, 637.0, 556.0, 649.0]}, {"destination": {"pagenum": 10, "name": "2616c13"}, "pagenum": 2, "bbox": [314.0, 648.0, 365.0, 660.0]}, {"destination": {"pagenum": 9, "name": "2616c3"}, "pagenum": 2, "bbox": [317.0, 692.0, 468.0, 704.0]}, {"destination": {"pagenum": 9, "name": "2616c3"}, "pagenum": 3, "bbox": [59.0, 76.0, 139.0, 88.0]}, {"destination": {"pagenum": 10, "name": "2616c22"}, "pagenum": 3, "bbox": [111.0, 132.0, 177.0, 144.0]}, {"destination": {"pagenum": 11, "name": "2616c83"}, "pagenum": 3, "bbox": [180.0, 132.0, 298.0, 144.0]}, {"destination": {"pagenum": 11, "name": "2616c83"}, "pagenum": 3, "bbox": [56.0, 143.0, 171.0, 155.0]}, {"destination": {"pagenum": 9, "name": "2616c1"}, "pagenum": 3, "bbox": [163.0, 165.0, 236.0, 177.0]}, {"destination": {"pagenum": 9, "name": "2616c4"}, "pagenum": 3, "bbox": [276.0, 243.0, 298.0, 255.0]}, {"destination": {"pagenum": 9, "name": "2616c4"}, "pagenum": 3, "bbox": [56.0, 255.0, 116.0, 267.0]}, {"destination": {"pagenum": 9, "name": "2616c3"}, "pagenum": 3, "bbox": [189.0, 366.0, 265.0, 378.0]}, {"destination": {"pagenum": 10, "name": "2616c14"}, "pagenum": 3, "bbox": [79.0, 502.0, 162.0, 514.0]}, {"destination": {"pagenum": 3, "name": "2616fig1"}, "pagenum": 3, "bbox": [56.0, 614.0, 89.0, 626.0]}, {"destination": {"pagenum": 3, "name": "2616fig1"}, "pagenum": 3, "bbox": [126.0, 625.0, 160.0, 637.0]}, {"destination": {"pagenum": 10, "name": "2616c42"}, "pagenum": 3, "bbox": [86.0, 647.0, 195.0, 659.0]}, {"destination": {"pagenum": 3, "name": "2616fig1"}, "pagenum": 3, "bbox": [394.0, 373.0, 426.0, 385.0]}, {"destination": {"pagenum": 10, "name": "2616c12"}, "pagenum": 4, "bbox": [56.0, 285.0, 179.0, 297.0]}, {"destination": {"pagenum": 10, "name": "2616c6"}, "pagenum": 4, "bbox": [214.0, 373.0, 298.0, 385.0]}, {"destination": {"pagenum": 10, "name": "2616c6"}, "pagenum": 4, "bbox": [56.0, 384.0, 113.0, 396.0]}, {"destination": {"pagenum": 10, "name": "2616c17"}, "pagenum": 4, "bbox": [99.0, 406.0, 251.0, 418.0]}, {"destination": {"pagenum": 10, "name": "2616c17"}, "pagenum": 4, "bbox": [136.0, 516.0, 212.0, 528.0]}, {"destination": {"pagenum": 12, "name": "2616c88"}, "pagenum": 4, "bbox": [182.0, 604.0, 280.0, 616.0]}, {"destination": {"pagenum": 11, "name": "2616c72"}, "pagenum": 4, "bbox": [82.0, 703.0, 132.0, 715.0]}, {"destination": {"pagenum": 11, "name": "2616c81"}, "pagenum": 4, "bbox": [339.0, 186.0, 463.0, 198.0]}, {"destination": {"pagenum": 11, "name": "2616c63"}, "pagenum": 4, "bbox": [336.0, 593.0, 437.0, 605.0]}, {"destination": {"pagenum": 10, "name": "2616c39"}, "pagenum": 4, "bbox": [382.0, 681.0, 432.0, 693.0]}, {"destination": {"pagenum": 10, "name": "2616c41"}, "pagenum": 4, "bbox": [436.0, 681.0, 518.0, 693.0]}, {"destination": {"pagenum": 10, "name": "2616c42"}, "pagenum": 5, "bbox": [91.0, 76.0, 164.0, 88.0]}, {"destination": {"pagenum": 10, "name": "2616c40"}, "pagenum": 5, "bbox": [270.0, 109.0, 298.0, 121.0]}, {"destination": {"pagenum": 10, "name": "2616c40"}, "pagenum": 5, "bbox": [56.0, 120.0, 76.0, 132.0]}, {"destination": {"pagenum": 10, "name": "2616c42"}, "pagenum": 5, "bbox": [79.0, 120.0, 147.0, 132.0]}, {"destination": {"pagenum": 10, "name": "2616c37"}, "pagenum": 5, "bbox": [198.0, 131.0, 270.0, 143.0]}, {"destination": {"pagenum": 12, "name": "2616c89"}, "pagenum": 5, "bbox": [274.0, 131.0, 298.0, 143.0]}, {"destination": {"pagenum": 12, "name": "2616c89"}, "pagenum": 5, "bbox": [56.0, 142.0, 138.0, 154.0]}, {"destination": {"pagenum": 10, "name": "2616c42"}, "pagenum": 5, "bbox": [263.0, 274.0, 298.0, 286.0]}, {"destination": {"pagenum": 10, "name": "2616c42"}, "pagenum": 5, "bbox": [56.0, 285.0, 92.0, 297.0]}, {"destination": {"pagenum": 12, "name": "2616c89"}, "pagenum": 5, "bbox": [97.0, 285.0, 208.0, 297.0]}, {"destination": {"pagenum": 12, "name": "2616c89"}, "pagenum": 5, "bbox": [216.0, 351.0, 298.0, 363.0]}, {"destination": {"pagenum": 12, "name": "2616c89"}, "pagenum": 5, "bbox": [56.0, 362.0, 76.0, 374.0]}, {"destination": {"pagenum": 11, "name": "2616c54"}, "pagenum": 5, "bbox": [82.0, 472.0, 242.0, 484.0]}, {"destination": {"pagenum": 12, "name": "2616c85"}, "pagenum": 5, "bbox": [245.0, 472.0, 293.0, 484.0]}, {"destination": {"pagenum": 10, "name": "2616c42"}, "pagenum": 5, "bbox": [116.0, 516.0, 226.0, 528.0]}, {"destination": {"pagenum": 6, "name": "2616tbl1"}, "pagenum": 5, "bbox": [217.0, 659.0, 247.0, 671.0]}, {"destination": {"pagenum": 6, "name": "2616tbl1"}, "pagenum": 5, "bbox": [201.0, 670.0, 232.0, 682.0]}, {"destination": {"pagenum": 10, "name": "2616c36"}, "pagenum": 5, "bbox": [475.0, 99.0, 556.0, 111.0]}, {"destination": {"pagenum": 10, "name": "2616c36"}, "pagenum": 5, "bbox": [314.0, 110.0, 334.0, 122.0]}, {"destination": {"pagenum": 6, "name": "2616tbl2"}, "pagenum": 5, "bbox": [491.0, 289.0, 526.0, 301.0]}, {"destination": {"pagenum": 7, "name": "2616tbl3"}, "pagenum": 5, "bbox": [547.0, 289.0, 554.0, 301.0]}, {"destination": {"pagenum": 6, "name": "2616tbl2"}, "pagenum": 5, "bbox": [467.0, 356.0, 496.0, 368.0]}, {"destination": {"pagenum": 7, "name": "2616tbl3"}, "pagenum": 5, "bbox": [434.0, 390.0, 465.0, 402.0]}, {"destination": {"pagenum": 6, "name": "2616tbl2"}, "pagenum": 5, "bbox": [454.0, 547.0, 485.0, 559.0]}, {"destination": {"pagenum": 6, "name": "2616tbl2"}, "pagenum": 6, "bbox": [219.0, 273.0, 254.0, 285.0]}, {"destination": {"pagenum": 7, "name": "2616tbl3"}, "pagenum": 6, "bbox": [274.0, 273.0, 280.0, 285.0]}, {"destination": {"pagenum": 10, "name": "2616c11"}, "pagenum": 6, "bbox": [433.0, 339.0, 556.0, 351.0]}, {"destination": {"pagenum": 10, "name": "2616c11"}, "pagenum": 6, "bbox": [314.0, 350.0, 334.0, 362.0]}, {"destination": {"pagenum": 10, "name": "2616c42"}, "pagenum": 7, "bbox": [138.0, 516.0, 210.0, 528.0]}, {"destination": {"pagenum": 12, "name": "2616c89"}, "pagenum": 7, "bbox": [215.0, 516.0, 298.0, 528.0]}, {"destination": {"pagenum": 12, "name": "2616c89"}, "pagenum": 7, "bbox": [56.0, 527.0, 76.0, 539.0]}, {"destination": {"pagenum": 8, "name": "2616fig2"}, "pagenum": 7, "bbox": [128.0, 593.0, 170.0, 605.0]}, {"destination": {"pagenum": 8, "name": "2616fig2"}, "pagenum": 7, "bbox": [190.0, 593.0, 201.0, 605.0]}, {"destination": {"pagenum": 8, "name": "2616fig2"}, "pagenum": 7, "bbox": [173.0, 681.0, 209.0, 693.0]}, {"destination": {"pagenum": 8, "name": "2616fig2"}, "pagenum": 7, "bbox": [515.0, 461.0, 554.0, 473.0]}, {"destination": {"pagenum": 10, "name": "2616c8"}, "pagenum": 8, "bbox": [236.0, 505.0, 295.0, 517.0]}, {"destination": {"pagenum": 10, "name": "2616c34"}, "pagenum": 8, "bbox": [56.0, 516.0, 101.0, 528.0]}, {"destination": {"pagenum": 10, "name": "2616c35"}, "pagenum": 8, "bbox": [104.0, 516.0, 124.0, 528.0]}, {"destination": {"pagenum": 11, "name": "2616c73"}, "pagenum": 8, "bbox": [128.0, 516.0, 239.0, 528.0]}, {"destination": {"pagenum": 11, "name": "2616c74"}, "pagenum": 8, "bbox": [177.0, 615.0, 232.0, 627.0]}, {"destination": {"pagenum": 10, "name": "2616c26"}, "pagenum": 8, "bbox": [349.0, 175.0, 428.0, 187.0]}, {"destination": {"pagenum": 11, "name": "2616c78"}, "pagenum": 8, "bbox": [459.0, 219.0, 511.0, 231.0]}, {"destination": {"pagenum": 11, "name": "2616c79"}, "pagenum": 8, "bbox": [514.0, 219.0, 534.0, 231.0]}, {"destination": {"pagenum": 11, "name": "2616c80"}, "pagenum": 8, "bbox": [537.0, 219.0, 556.0, 231.0]}, {"destination": {"pagenum": 11, "name": "2616c80"}, "pagenum": 8, "bbox": [314.0, 230.0, 385.0, 242.0]}, {"destination": {"pagenum": 10, "name": "2616c9"}, "pagenum": 8, "bbox": [490.0, 351.0, 556.0, 363.0]}, {"destination": {"pagenum": 10, "name": "2616c9"}, "pagenum": 8, "bbox": [314.0, 362.0, 379.0, 374.0]}, {"destination": {"pagenum": 10, "name": "2616c19"}, "pagenum": 8, "bbox": [382.0, 362.0, 463.0, 374.0]}, {"destination": {"pagenum": 10, "name": "2616c28"}, "pagenum": 9, "bbox": [100.0, 472.0, 221.0, 484.0]}, {"destination": {"pagenum": 11, "name": "2616c55"}, "pagenum": 9, "bbox": [224.0, 472.0, 298.0, 484.0]}, {"destination": {"pagenum": 11, "name": "2616c55"}, "pagenum": 9, "bbox": [56.0, 483.0, 76.0, 495.0]}, {"destination": {"pagenum": 11, "name": "2616c75"}, "pagenum": 9, "bbox": [80.0, 571.0, 195.0, 583.0]}, {"destination": {"pagenum": 10, "name": "2616c20"}, "pagenum": 9, "bbox": [367.0, 142.0, 470.0, 154.0]}, {"destination": {"pagenum": 11, "name": "2616c59"}, "pagenum": 9, "bbox": [475.0, 142.0, 556.0, 154.0]}, {"destination": {"pagenum": 11, "name": "2616c59"}, "pagenum": 9, "bbox": [314.0, 153.0, 334.0, 165.0]}, {"destination": {"pagenum": 11, "name": "2616c60"}, "pagenum": 9, "bbox": [339.0, 153.0, 553.0, 165.0]}, {"destination": {"pagenum": 11, "name": "2616c61"}, "pagenum": 9, "bbox": [314.0, 164.0, 395.0, 176.0]}, {"destination": {"pagenum": 11, "name": "2616c62"}, "pagenum": 9, "bbox": [399.0, 164.0, 551.0, 176.0]}, {"destination": {"pagenum": 10, "name": "2616c29"}, "pagenum": 9, "bbox": [492.0, 197.0, 556.0, 209.0]}, {"destination": {"pagenum": 10, "name": "2616c29"}, "pagenum": 9, "bbox": [314.0, 208.0, 350.0, 220.0]}, {"destination": {"pagenum": 10, "name": "2616c30"}, "pagenum": 9, "bbox": [353.0, 208.0, 534.0, 220.0]}, {"destination": {"pagenum": 11, "name": "2616c53"}, "pagenum": 9, "bbox": [537.0, 208.0, 556.0, 220.0]}, {"destination": {"pagenum": 11, "name": "2616c53"}, "pagenum": 9, "bbox": [314.0, 219.0, 385.0, 231.0]}, {"destination": {"pagenum": 11, "name": "2616c67"}, "pagenum": 9, "bbox": [387.0, 219.0, 525.0, 231.0]}, {"pagenum": 9, "bbox": [542.0, 584.0, 556.0, 595.0], "uri": "http://dx.doi.org/10.1177/0265407593101001"}, {"pagenum": 9, "bbox": [322.0, 594.0, 416.0, 605.0], "uri": "http://dx.doi.org/10.1177/0265407593101001"}, {"pagenum": 9, "bbox": [368.0, 624.0, 489.0, 635.0], "uri": "http://dx.doi.org/10.1177/0192513X03024005002"}, {"pagenum": 9, "bbox": [513.0, 654.0, 556.0, 665.0], "uri": "http://dx.doi.org/10.1177/1359105309342285"}, {"pagenum": 9, "bbox": [322.0, 664.0, 388.0, 675.0], "uri": "http://dx.doi.org/10.1177/1359105309342285"}, {"pagenum": 9, "bbox": [348.0, 704.0, 458.0, 715.0], "uri": "http://dx.doi.org/10.1080/16066350601012665"}, {"pagenum": 10, "bbox": [284.0, 76.0, 298.0, 86.0], "uri": "http://dx.doi.org/10.1111/j.1600-0447.1990.tb03076.x"}, {"pagenum": 10, "bbox": [64.0, 86.0, 185.0, 97.0], "uri": "http://dx.doi.org/10.1111/j.1600-0447.1990.tb03076.x"}, {"pagenum": 10, "bbox": [64.0, 127.0, 173.0, 138.0], "uri": "http://dx.doi.org/10.1037/0893-164X.15.4.321"}, {"pagenum": 10, "bbox": [133.0, 158.0, 242.0, 169.0], "uri": "http://dx.doi.org/10.1177/0261927X93121003"}, {"pagenum": 10, "bbox": [64.0, 199.0, 168.0, 210.0], "uri": "http://dx.doi.org/10.1891/jcop.16.1.91.63698"}, {"pagenum": 10, "bbox": [283.0, 230.0, 298.0, 241.0], "uri": "http://dx.doi.org/10.1177/0146167201279006"}, {"pagenum": 10, "bbox": [64.0, 241.0, 158.0, 251.0], "uri": "http://dx.doi.org/10.1177/0146167201279006"}, {"pagenum": 10, "bbox": [180.0, 313.0, 289.0, 323.0], "uri": "http://dx.doi.org/10.1037/0022-006X.53.2.189"}, {"pagenum": 10, "bbox": [192.0, 333.0, 298.0, 344.0], "uri": "http://dx.doi.org/10.1046/j.1359-6357.2003.00585.x"}, {"pagenum": 10, "bbox": [64.0, 344.0, 94.0, 354.0], "uri": "http://dx.doi.org/10.1046/j.1359-6357.2003.00585.x"}, {"pagenum": 10, "bbox": [144.0, 385.0, 218.0, 396.0], "uri": "http://dx.doi.org/10.1037/a0021349"}, {"pagenum": 10, "bbox": [181.0, 416.0, 251.0, 426.0], "uri": "http://dx.doi.org/10.2307/2136377"}, {"pagenum": 10, "bbox": [109.0, 550.0, 218.0, 560.0], "uri": "http://dx.doi.org/10.1037/0022-006X.71.4.741"}, {"pagenum": 10, "bbox": [176.0, 580.0, 298.0, 591.0], "uri": "http://dx.doi.org/10.1016/S0272-7358%2898%2900025-7"}, {"pagenum": 10, "bbox": [64.0, 642.0, 159.0, 653.0], "uri": "http://dx.doi.org/10.1002/9780470561119"}, {"pagenum": 10, "bbox": [102.0, 673.0, 206.0, 684.0], "uri": "http://dx.doi.org/10.1037/0022-3514.76.1.72"}, {"pagenum": 10, "bbox": [198.0, 694.0, 298.0, 704.0], "uri": "http://dx.doi.org/10.1111/j.1545-5300.1997.00385.x"}, {"pagenum": 10, "bbox": [64.0, 704.0, 94.0, 715.0], "uri": "http://dx.doi.org/10.1111/j.1545-5300.1997.00385.x"}, {"pagenum": 10, "bbox": [322.0, 96.0, 429.0, 107.0], "uri": "http://dx.doi.org/10.1177/0145445599232001"}, {"pagenum": 10, "bbox": [513.0, 117.0, 556.0, 128.0], "uri": "http://dx.doi.org/10.1016/0273-2297%2887%2990002-5"}, {"pagenum": 10, "bbox": [322.0, 127.0, 399.0, 138.0], "uri": "http://dx.doi.org/10.1016/0273-2297%2887%2990002-5"}, {"pagenum": 10, "bbox": [513.0, 158.0, 556.0, 169.0], "uri": "http://dx.doi.org/10.1037/0022-006X.75.1.43"}, {"pagenum": 10, "bbox": [322.0, 169.0, 386.0, 179.0], "uri": "http://dx.doi.org/10.1037/0022-006X.75.1.43"}, {"pagenum": 10, "bbox": [542.0, 199.0, 556.0, 210.0], "uri": "http://dx.doi.org/10.1111/j.1360-0443.2009.02614.x"}, {"pagenum": 10, "bbox": [322.0, 210.0, 437.0, 220.0], "uri": "http://dx.doi.org/10.1111/j.1360-0443.2009.02614.x"}, {"pagenum": 10, "bbox": [511.0, 241.0, 556.0, 251.0], "uri": "http://dx.doi.org/10.1080/14659890500142459"}, {"pagenum": 10, "bbox": [322.0, 251.0, 392.0, 262.0], "uri": "http://dx.doi.org/10.1080/14659890500142459"}, {"pagenum": 10, "bbox": [457.0, 282.0, 556.0, 293.0], "uri": "http://dx.doi.org/10.1037/0021-843X.101.4.647"}, {"pagenum": 10, "bbox": [322.0, 292.0, 338.0, 303.0], "uri": "http://dx.doi.org/10.1037/0021-843X.101.4.647"}, {"pagenum": 10, "bbox": [368.0, 323.0, 502.0, 334.0], "uri": "http://dx.doi.org/10.1111/j.1530-0277.2001.tb02287.x"}, {"pagenum": 10, "bbox": [439.0, 344.0, 547.0, 354.0], "uri": "http://dx.doi.org/10.1126/science.234.4772.41"}, {"pagenum": 10, "bbox": [435.0, 447.0, 546.0, 457.0], "uri": "http://dx.doi.org/10.1017/CBO9780511499845"}, {"pagenum": 10, "bbox": [541.0, 488.0, 556.0, 498.0], "uri": "http://dx.doi.org/10.1111/j.1475-6811.1995.tb00078.x"}, {"pagenum": 10, "bbox": [322.0, 498.0, 443.0, 509.0], "uri": "http://dx.doi.org/10.1111/j.1475-6811.1995.tb00078.x"}, {"pagenum": 10, "bbox": [541.0, 519.0, 556.0, 529.0], "uri": "http://dx.doi.org/10.1177/0265407596132007"}, {"pagenum": 10, "bbox": [322.0, 529.0, 416.0, 540.0], "uri": "http://dx.doi.org/10.1177/0265407596132007"}, {"pagenum": 10, "bbox": [381.0, 560.0, 489.0, 571.0], "uri": "http://dx.doi.org/10.1037/0033-2909.99.3.422"}, {"pagenum": 10, "bbox": [432.0, 632.0, 556.0, 643.0], "uri": "http://dx.doi.org/10.1080/0097840X.1981.9936820"}, {"pagenum": 10, "bbox": [404.0, 663.0, 556.0, 673.0], "uri": "http://dx.doi.org/10.1146/annurev.clinpsy.3.022806.091424"}, {"pagenum": 10, "bbox": [438.0, 694.0, 543.0, 704.0], "uri": "http://dx.doi.org/10.1037/0893-164X.22.1.25"}, {"pagenum": 11, "bbox": [64.0, 138.0, 189.0, 148.0], "uri": "http://dx.doi.org/10.1017/CBO9780511527814.004"}, {"pagenum": 11, "bbox": [144.0, 220.0, 257.0, 231.0], "uri": "http://dx.doi.org/10.1037/0021-843X.105.3.369"}, {"pagenum": 11, "bbox": [284.0, 241.0, 298.0, 251.0], "uri": "http://dx.doi.org/10.1111/j.1939-0025.1966.tb02407.x"}, {"pagenum": 11, "bbox": [64.0, 251.0, 185.0, 262.0], "uri": "http://dx.doi.org/10.1111/j.1939-0025.1966.tb02407.x"}, {"pagenum": 11, "bbox": [106.0, 292.0, 212.0, 303.0], "uri": "http://dx.doi.org/10.1177/0146167210388420"}, {"pagenum": 11, "bbox": [158.0, 344.0, 265.0, 354.0], "uri": "http://dx.doi.org/10.1177/0265407597144002"}, {"pagenum": 11, "bbox": [158.0, 385.0, 265.0, 396.0], "uri": "http://dx.doi.org/10.1177/0265407506068267"}, {"pagenum": 11, "bbox": [284.0, 447.0, 298.0, 457.0], "uri": "http://dx.doi.org/10.1016/j.cpr.2003.09.002"}, {"pagenum": 11, "bbox": [64.0, 457.0, 151.0, 468.0], "uri": "http://dx.doi.org/10.1016/j.cpr.2003.09.002"}, {"pagenum": 11, "bbox": [219.0, 488.0, 298.0, 498.0], "uri": "http://dx.doi.org/10.1037/0893-164X.9.3.157"}, {"pagenum": 11, "bbox": [64.0, 498.0, 92.0, 509.0], "uri": "http://dx.doi.org/10.1037/0893-164X.9.3.157"}, {"pagenum": 11, "bbox": [97.0, 539.0, 171.0, 550.0], "uri": "http://dx.doi.org/10.1037/a0014686"}, {"pagenum": 11, "bbox": [198.0, 611.0, 298.0, 622.0], "uri": "http://dx.doi.org/10.1111/j.1360-0443.1991.tb01727.x"}, {"pagenum": 11, "bbox": [64.0, 622.0, 100.0, 632.0], "uri": "http://dx.doi.org/10.1111/j.1360-0443.1991.tb01727.x"}, {"pagenum": 11, "bbox": [140.0, 653.0, 247.0, 663.0], "uri": "http://dx.doi.org/10.1177/0146167202289006"}, {"pagenum": 11, "bbox": [412.0, 76.0, 528.0, 86.0], "uri": "http://dx.doi.org/10.1111/j.1467-9280.2009.02362.x"}, {"pagenum": 11, "bbox": [427.0, 126.0, 527.0, 137.0], "uri": "http://dx.doi.org/10.1037/0022-006X.69.1.130"}, {"pagenum": 11, "bbox": [348.0, 167.0, 451.0, 178.0], "uri": "http://dx.doi.org/10.1037/0022-3514.70.1.79"}, {"pagenum": 11, "bbox": [322.0, 207.0, 429.0, 218.0], "uri": "http://dx.doi.org/10.1037/0022-3514.88.3.480"}, {"pagenum": 11, "bbox": [371.0, 238.0, 484.0, 248.0], "uri": "http://dx.doi.org/10.3200/GENP.133.4.357-374"}, {"pagenum": 11, "bbox": [385.0, 268.0, 507.0, 279.0], "uri": "http://dx.doi.org/10.1016/S0306-4603%2898%2900087-2"}, {"pagenum": 11, "bbox": [542.0, 288.0, 556.0, 299.0], "uri": "http://dx.doi.org/10.2307/351302"}, {"pagenum": 11, "bbox": [322.0, 299.0, 376.0, 309.0], "uri": "http://dx.doi.org/10.2307/351302"}, {"pagenum": 11, "bbox": [322.0, 370.0, 449.0, 380.0], "uri": "http://dx.doi.org/10.1093/9780195304817.001.0001"}, {"pagenum": 11, "bbox": [542.0, 390.0, 556.0, 401.0], "uri": "http://dx.doi.org/10.1080/16066350512331328140"}, {"pagenum": 11, "bbox": [322.0, 400.0, 432.0, 411.0], "uri": "http://dx.doi.org/10.1080/16066350512331328140"}, {"pagenum": 11, "bbox": [542.0, 430.0, 556.0, 441.0], "uri": "http://dx.doi.org/10.2307/353866"}, {"pagenum": 11, "bbox": [322.0, 441.0, 376.0, 451.0], "uri": "http://dx.doi.org/10.2307/353866"}, {"pagenum": 11, "bbox": [409.0, 511.0, 526.0, 522.0], "uri": "http://dx.doi.org/10.1016/0022-1031%2880%2990007-4"}, {"pagenum": 11, "bbox": [384.0, 552.0, 491.0, 563.0], "uri": "http://dx.doi.org/10.1037/0022-3514.45.1.101"}, {"pagenum": 11, "bbox": [513.0, 582.0, 556.0, 593.0], "uri": "http://dx.doi.org/10.1177/0146167295216002"}, {"pagenum": 11, "bbox": [322.0, 593.0, 388.0, 603.0], "uri": "http://dx.doi.org/10.1177/0146167295216002"}, {"pagenum": 11, "bbox": [322.0, 633.0, 456.0, 644.0], "uri": "http://dx.doi.org/10.1111/j.1475-6811.1998.tb00177.x"}, {"pagenum": 11, "bbox": [335.0, 663.0, 468.0, 674.0], "uri": "http://dx.doi.org/10.1111/j.1475-6811.1999.tb00211.x"}, {"pagenum": 11, "bbox": [367.0, 704.0, 486.0, 715.0], "uri": "http://dx.doi.org/10.1177/0265407503020001191"}, {"pagenum": 12, "bbox": [97.0, 86.0, 230.0, 97.0], "uri": "http://dx.doi.org/10.1111/j.1468-2958.1983.tb00009.x"}, {"pagenum": 12, "bbox": [217.0, 117.0, 288.0, 128.0], "uri": "http://dx.doi.org/10.2307/1165280"}, {"pagenum": 12, "bbox": [283.0, 138.0, 298.0, 149.0], "uri": "http://dx.doi.org/10.1016/0306-4603%2885%2990018-8"}, {"pagenum": 12, "bbox": [64.0, 148.0, 169.0, 159.0], "uri": "http://dx.doi.org/10.1016/0306-4603%2885%2990018-8"}, {"pagenum": 12, "bbox": [98.0, 190.0, 197.0, 201.0], "uri": "http://dx.doi.org/10.1111/1467-6494.00102"}, {"pagenum": 12, "bbox": [511.0, 105.0, 556.0, 116.0], "uri": "http://dx.doi.org/10.1177/1088868312447897"}, {"pagenum": 12, "bbox": [322.0, 115.0, 388.0, 126.0], "uri": "http://dx.doi.org/10.1177/1088868312447897"}, {"pagenum": 12, "bbox": [490.0, 135.0, 556.0, 146.0], "uri": "http://dx.doi.org/10.1016/S0899-3289%2805%2980033-1"}, {"pagenum": 12, "bbox": [322.0, 145.0, 380.0, 156.0], "uri": "http://dx.doi.org/10.1016/S0899-3289%2805%2980033-1"}, {"pagenum": 13, "bbox": [141.0, 430.0, 188.0, 438.0], "uri": "http://dx.doi.org/10.1037/a0034526"}]}