{"numpages": 12, "version": "1.0.0", "dimensions": {"exceptions": {}, "width": 594.0, "height": 792.0}, "links": [{"pagenum": 1, "bbox": [220.0, 610.0, 305.0, 621.0], "uri": "http://dx.doi.org/10.1037/arc0000005.supp"}, {"pagenum": 1, "bbox": [143.0, 620.0, 279.0, 631.0], "uri": "file://localhost/tmp/viewapi/workspace/convert-2cd66102f2094bfcb1ff2615ad869caa/dx.doi.org/10.3886/ICPSR35007.v1"}, {"pagenum": 1, "bbox": [411.0, 703.0, 482.0, 714.0], "uri": "file://localhost/tmp/viewapi/workspace/convert-2cd66102f2094bfcb1ff2615ad869caa/arcblog.apa.org"}, {"pagenum": 1, "bbox": [95.0, 723.0, 173.0, 734.0], "uri": "mailto:scott.huettel@duke.edu"}, {"pagenum": 1, "bbox": [103.0, 32.0, 157.0, 41.0], "uri": "http://dx.doi.org/10.1037/arc0000005"}, {"destination": {"pagenum": 10, "name": "0006c6"}, "pagenum": 2, "bbox": [228.0, 77.0, 295.0, 89.0]}, {"destination": {"pagenum": 11, "name": "0006c57"}, "pagenum": 2, "bbox": [44.0, 89.0, 124.0, 101.0]}, {"destination": {"pagenum": 11, "name": "0006c46"}, "pagenum": 2, "bbox": [177.0, 89.0, 298.0, 101.0]}, {"destination": {"pagenum": 11, "name": "0006c46"}, "pagenum": 2, "bbox": [44.0, 100.0, 94.0, 112.0]}, {"destination": {"pagenum": 11, "name": "0006c68"}, "pagenum": 2, "bbox": [98.0, 100.0, 298.0, 112.0]}, {"destination": {"pagenum": 11, "name": "0006c68"}, "pagenum": 2, "bbox": [44.0, 111.0, 64.0, 123.0]}, {"destination": {"pagenum": 10, "name": "0006c1"}, "pagenum": 2, "bbox": [157.0, 111.0, 209.0, 123.0]}, {"destination": {"pagenum": 10, "name": "0006c7"}, "pagenum": 2, "bbox": [214.0, 111.0, 298.0, 123.0]}, {"destination": {"pagenum": 10, "name": "0006c7"}, "pagenum": 2, "bbox": [44.0, 122.0, 103.0, 134.0]}, {"destination": {"pagenum": 11, "name": "0006c40"}, "pagenum": 2, "bbox": [108.0, 122.0, 293.0, 134.0]}, {"destination": {"pagenum": 10, "name": "0006c2"}, "pagenum": 2, "bbox": [87.0, 144.0, 234.0, 156.0]}, {"destination": {"pagenum": 11, "name": "0006c53"}, "pagenum": 2, "bbox": [210.0, 155.0, 298.0, 167.0]}, {"destination": {"pagenum": 11, "name": "0006c53"}, "pagenum": 2, "bbox": [44.0, 166.0, 177.0, 178.0]}, {"destination": {"pagenum": 11, "name": "0006c54"}, "pagenum": 2, "bbox": [184.0, 166.0, 298.0, 178.0]}, {"destination": {"pagenum": 11, "name": "0006c54"}, "pagenum": 2, "bbox": [44.0, 178.0, 142.0, 190.0]}, {"destination": {"pagenum": 10, "name": "0006c19"}, "pagenum": 2, "bbox": [271.0, 178.0, 298.0, 190.0]}, {"destination": {"pagenum": 10, "name": "0006c19"}, "pagenum": 2, "bbox": [44.0, 189.0, 153.0, 201.0]}, {"destination": {"pagenum": 10, "name": "0006c25"}, "pagenum": 2, "bbox": [157.0, 189.0, 227.0, 201.0]}, {"destination": {"pagenum": 11, "name": "0006c47"}, "pagenum": 2, "bbox": [71.0, 200.0, 124.0, 212.0]}, {"destination": {"pagenum": 11, "name": "0006c60"}, "pagenum": 2, "bbox": [128.0, 200.0, 214.0, 212.0]}, {"destination": {"pagenum": 11, "name": "0006c61"}, "pagenum": 2, "bbox": [193.0, 211.0, 237.0, 223.0]}, {"destination": {"pagenum": 12, "name": "0006c70"}, "pagenum": 2, "bbox": [240.0, 211.0, 298.0, 223.0]}, {"destination": {"pagenum": 12, "name": "0006c70"}, "pagenum": 2, "bbox": [44.0, 222.0, 93.0, 234.0]}, {"destination": {"pagenum": 11, "name": "0006c59"}, "pagenum": 2, "bbox": [195.0, 278.0, 298.0, 290.0]}, {"destination": {"pagenum": 11, "name": "0006c59"}, "pagenum": 2, "bbox": [44.0, 289.0, 64.0, 301.0]}, {"destination": {"pagenum": 10, "name": "0006c28"}, "pagenum": 2, "bbox": [269.0, 289.0, 298.0, 301.0]}, {"destination": {"pagenum": 10, "name": "0006c28"}, "pagenum": 2, "bbox": [44.0, 300.0, 97.0, 312.0]}, {"destination": {"pagenum": 10, "name": "0006c3"}, "pagenum": 2, "bbox": [201.0, 400.0, 253.0, 412.0]}, {"destination": {"pagenum": 10, "name": "0006c5"}, "pagenum": 2, "bbox": [259.0, 400.0, 298.0, 412.0]}, {"destination": {"pagenum": 10, "name": "0006c5"}, "pagenum": 2, "bbox": [44.0, 411.0, 94.0, 423.0]}, {"destination": {"pagenum": 10, "name": "0006c4"}, "pagenum": 2, "bbox": [269.0, 445.0, 298.0, 457.0]}, {"destination": {"pagenum": 10, "name": "0006c4"}, "pagenum": 2, "bbox": [44.0, 456.0, 64.0, 468.0]}, {"destination": {"pagenum": 11, "name": "0006c48"}, "pagenum": 2, "bbox": [146.0, 478.0, 298.0, 490.0]}, {"destination": {"pagenum": 11, "name": "0006c48"}, "pagenum": 2, "bbox": [44.0, 489.0, 64.0, 501.0]}, {"destination": {"pagenum": 11, "name": "0006c59"}, "pagenum": 2, "bbox": [67.0, 489.0, 136.0, 501.0]}, {"destination": {"pagenum": 11, "name": "0006c33"}, "pagenum": 2, "bbox": [211.0, 567.0, 295.0, 579.0]}, {"destination": {"pagenum": 12, "name": "0006c73"}, "pagenum": 2, "bbox": [44.0, 578.0, 238.0, 590.0]}, {"destination": {"pagenum": 11, "name": "0006c43"}, "pagenum": 2, "bbox": [65.0, 589.0, 155.0, 601.0]}, {"destination": {"pagenum": 11, "name": "0006c65"}, "pagenum": 2, "bbox": [158.0, 589.0, 298.0, 601.0]}, {"destination": {"pagenum": 11, "name": "0006c65"}, "pagenum": 2, "bbox": [44.0, 601.0, 107.0, 613.0]}, {"destination": {"pagenum": 11, "name": "0006c66"}, "pagenum": 2, "bbox": [110.0, 601.0, 187.0, 613.0]}, {"destination": {"pagenum": 10, "name": "0006c26"}, "pagenum": 2, "bbox": [267.0, 645.0, 298.0, 657.0]}, {"destination": {"pagenum": 10, "name": "0006c26"}, "pagenum": 2, "bbox": [44.0, 656.0, 179.0, 668.0]}, {"destination": {"pagenum": 10, "name": "0006c27"}, "pagenum": 2, "bbox": [182.0, 656.0, 298.0, 668.0]}, {"destination": {"pagenum": 10, "name": "0006c27"}, "pagenum": 2, "bbox": [44.0, 667.0, 109.0, 679.0]}, {"destination": {"pagenum": 10, "name": "0006c13"}, "pagenum": 2, "bbox": [223.0, 690.0, 298.0, 702.0]}, {"destination": {"pagenum": 10, "name": "0006c13"}, "pagenum": 2, "bbox": [44.0, 701.0, 65.0, 713.0]}, {"destination": {"pagenum": 11, "name": "0006c29"}, "pagenum": 2, "bbox": [179.0, 723.0, 238.0, 735.0]}, {"destination": {"pagenum": 11, "name": "0006c55"}, "pagenum": 2, "bbox": [510.0, 44.0, 565.0, 56.0]}, {"destination": {"pagenum": 12, "name": "0006c76"}, "pagenum": 2, "bbox": [314.0, 55.0, 407.0, 67.0]}, {"destination": {"pagenum": 11, "name": "0006c50"}, "pagenum": 2, "bbox": [520.0, 66.0, 568.0, 78.0]}, {"destination": {"pagenum": 11, "name": "0006c50"}, "pagenum": 2, "bbox": [314.0, 77.0, 440.0, 89.0]}, {"destination": {"pagenum": 10, "name": "0006c26"}, "pagenum": 2, "bbox": [408.0, 132.0, 481.0, 144.0]}, {"destination": {"pagenum": 12, "name": "0006c69"}, "pagenum": 2, "bbox": [484.0, 132.0, 562.0, 144.0]}, {"destination": {"pagenum": 11, "name": "0006c67"}, "pagenum": 2, "bbox": [533.0, 220.0, 568.0, 232.0]}, {"destination": {"pagenum": 11, "name": "0006c67"}, "pagenum": 2, "bbox": [314.0, 231.0, 335.0, 243.0]}, {"destination": {"pagenum": 12, "name": "0006c72"}, "pagenum": 2, "bbox": [351.0, 242.0, 516.0, 254.0]}, {"destination": {"pagenum": 11, "name": "0006c51"}, "pagenum": 2, "bbox": [441.0, 275.0, 568.0, 287.0]}, {"destination": {"pagenum": 11, "name": "0006c51"}, "pagenum": 2, "bbox": [314.0, 286.0, 365.0, 298.0]}, {"destination": {"pagenum": 11, "name": "0006c59"}, "pagenum": 2, "bbox": [397.0, 396.0, 509.0, 408.0]}, {"destination": {"pagenum": 3, "name": "0006fig1"}, "pagenum": 2, "bbox": [531.0, 624.0, 566.0, 636.0]}, {"pagenum": 3, "bbox": [525.0, 128.0, 568.0, 140.0], "uri": "http://www.MTurk.com"}, {"pagenum": 3, "bbox": [314.0, 139.0, 361.0, 151.0], "uri": "http://www.MTurk.com"}, {"destination": {"pagenum": 11, "name": "0006c59"}, "pagenum": 3, "bbox": [455.0, 255.0, 527.0, 267.0]}, {"pagenum": 3, "bbox": [525.0, 321.0, 568.0, 333.0], "uri": "http://www.impulsivity.org/measurement/bis11"}, {"pagenum": 3, "bbox": [314.0, 332.0, 446.0, 344.0], "uri": "http://www.impulsivity.org/measurement/bis11"}, {"destination": {"pagenum": 10, "name": "0006c20"}, "pagenum": 3, "bbox": [539.0, 354.0, 568.0, 366.0]}, {"destination": {"pagenum": 10, "name": "0006c20"}, "pagenum": 3, "bbox": [314.0, 365.0, 348.0, 377.0]}, {"destination": {"pagenum": 11, "name": "0006c58"}, "pagenum": 3, "bbox": [500.0, 453.0, 568.0, 465.0]}, {"destination": {"pagenum": 11, "name": "0006c58"}, "pagenum": 3, "bbox": [314.0, 464.0, 334.0, 476.0]}, {"destination": {"pagenum": 10, "name": "0006c23"}, "pagenum": 3, "bbox": [537.0, 464.0, 568.0, 476.0]}, {"destination": {"pagenum": 10, "name": "0006c23"}, "pagenum": 3, "bbox": [314.0, 475.0, 438.0, 487.0]}, {"destination": {"pagenum": 10, "name": "0006c14"}, "pagenum": 3, "bbox": [458.0, 486.0, 547.0, 498.0]}, {"destination": {"pagenum": 12, "name": "0006c75"}, "pagenum": 3, "bbox": [373.0, 508.0, 548.0, 520.0]}, {"destination": {"pagenum": 11, "name": "0006c38"}, "pagenum": 3, "bbox": [427.0, 519.0, 568.0, 531.0]}, {"destination": {"pagenum": 11, "name": "0006c38"}, "pagenum": 3, "bbox": [314.0, 530.0, 389.0, 542.0]}, {"destination": {"pagenum": 12, "name": "0006c81"}, "pagenum": 3, "bbox": [317.0, 541.0, 383.0, 553.0]}, {"destination": {"pagenum": 10, "name": "0006c9"}, "pagenum": 3, "bbox": [540.0, 574.0, 568.0, 586.0]}, {"destination": {"pagenum": 10, "name": "0006c9"}, "pagenum": 3, "bbox": [314.0, 585.0, 411.0, 597.0]}, {"destination": {"pagenum": 11, "name": "0006c64"}, "pagenum": 3, "bbox": [416.0, 585.0, 568.0, 597.0]}, {"destination": {"pagenum": 11, "name": "0006c64"}, "pagenum": 3, "bbox": [314.0, 596.0, 334.0, 608.0]}, {"destination": {"pagenum": 12, "name": "0006c77"}, "pagenum": 3, "bbox": [338.0, 596.0, 437.0, 608.0]}, {"destination": {"pagenum": 10, "name": "0006c8"}, "pagenum": 3, "bbox": [314.0, 723.0, 368.0, 735.0]}, {"destination": {"pagenum": 12, "name": "0006c71"}, "pagenum": 4, "bbox": [83.0, 44.0, 134.0, 56.0]}, {"destination": {"pagenum": 10, "name": "0006c21"}, "pagenum": 4, "bbox": [163.0, 77.0, 227.0, 89.0]}, {"destination": {"pagenum": 10, "name": "0006c22"}, "pagenum": 4, "bbox": [233.0, 77.0, 298.0, 89.0]}, {"destination": {"pagenum": 10, "name": "0006c22"}, "pagenum": 4, "bbox": [44.0, 88.0, 114.0, 100.0]}, {"destination": {"pagenum": 11, "name": "0006c32"}, "pagenum": 4, "bbox": [118.0, 88.0, 298.0, 100.0]}, {"destination": {"pagenum": 11, "name": "0006c32"}, "pagenum": 4, "bbox": [44.0, 99.0, 64.0, 111.0]}, {"destination": {"pagenum": 11, "name": "0006c41"}, "pagenum": 4, "bbox": [68.0, 99.0, 172.0, 111.0]}, {"destination": {"pagenum": 11, "name": "0006c39"}, "pagenum": 4, "bbox": [243.0, 110.0, 298.0, 122.0]}, {"destination": {"pagenum": 11, "name": "0006c39"}, "pagenum": 4, "bbox": [44.0, 121.0, 64.0, 133.0]}, {"destination": {"pagenum": 11, "name": "0006c49"}, "pagenum": 4, "bbox": [127.0, 132.0, 277.0, 144.0]}, {"destination": {"pagenum": 10, "name": "0006c82"}, "pagenum": 4, "bbox": [117.0, 143.0, 298.0, 155.0]}, {"destination": {"pagenum": 10, "name": "0006c82"}, "pagenum": 4, "bbox": [44.0, 154.0, 278.0, 166.0]}, {"destination": {"pagenum": 11, "name": "0006c37"}, "pagenum": 4, "bbox": [237.0, 165.0, 298.0, 177.0]}, {"destination": {"pagenum": 11, "name": "0006c37"}, "pagenum": 4, "bbox": [44.0, 176.0, 89.0, 188.0]}, {"destination": {"pagenum": 11, "name": "0006c59"}, "pagenum": 4, "bbox": [57.0, 276.0, 134.0, 288.0]}, {"destination": {"pagenum": 11, "name": "0006c59"}, "pagenum": 4, "bbox": [223.0, 342.0, 293.0, 354.0]}, {"destination": {"pagenum": 4, "name": "0006tbl1"}, "pagenum": 4, "bbox": [107.0, 386.0, 137.0, 398.0]}, {"destination": {"pagenum": 11, "name": "0006c35"}, "pagenum": 4, "bbox": [420.0, 143.0, 464.0, 155.0]}, {"destination": {"pagenum": 10, "name": "0006c12"}, "pagenum": 4, "bbox": [409.0, 154.0, 503.0, 166.0]}, {"destination": {"pagenum": 11, "name": "0006c36"}, "pagenum": 4, "bbox": [365.0, 176.0, 447.0, 188.0]}, {"destination": {"pagenum": 11, "name": "0006c45"}, "pagenum": 4, "bbox": [449.0, 176.0, 568.0, 188.0]}, {"destination": {"pagenum": 11, "name": "0006c45"}, "pagenum": 4, "bbox": [314.0, 187.0, 365.0, 199.0]}, {"destination": {"pagenum": 4, "name": "0006tbl1"}, "pagenum": 4, "bbox": [314.0, 220.0, 343.0, 232.0]}, {"destination": {"pagenum": 10, "name": "0006c13"}, "pagenum": 4, "bbox": [384.0, 419.0, 476.0, 431.0]}, {"destination": {"pagenum": 10, "name": "0006c23"}, "pagenum": 4, "bbox": [529.0, 452.0, 568.0, 464.0]}, {"destination": {"pagenum": 11, "name": "0006c59"}, "pagenum": 4, "bbox": [112.0, 548.0, 178.0, 559.0]}, {"destination": {"pagenum": 11, "name": "0006c59"}, "pagenum": 4, "bbox": [112.0, 566.0, 178.0, 577.0]}, {"destination": {"pagenum": 11, "name": "0006c59"}, "pagenum": 4, "bbox": [112.0, 584.0, 178.0, 595.0]}, {"destination": {"pagenum": 11, "name": "0006c59"}, "pagenum": 4, "bbox": [148.0, 683.0, 213.0, 694.0]}, {"destination": {"pagenum": 11, "name": "0006c59"}, "pagenum": 4, "bbox": [148.0, 710.0, 213.0, 721.0]}, {"destination": {"pagenum": 10, "name": "0006c23"}, "pagenum": 5, "bbox": [44.0, 44.0, 78.0, 56.0]}, {"destination": {"pagenum": 11, "name": "0006c62"}, "pagenum": 5, "bbox": [132.0, 187.0, 298.0, 199.0]}, {"destination": {"pagenum": 11, "name": "0006c62"}, "pagenum": 5, "bbox": [44.0, 198.0, 64.0, 210.0]}, {"destination": {"pagenum": 10, "name": "0006c10"}, "pagenum": 5, "bbox": [153.0, 264.0, 204.0, 276.0]}, {"destination": {"pagenum": 10, "name": "0006c27"}, "pagenum": 5, "bbox": [146.0, 330.0, 217.0, 342.0]}, {"destination": {"pagenum": 4, "name": "0006tbl1"}, "pagenum": 5, "bbox": [44.0, 528.0, 74.0, 540.0]}, {"destination": {"pagenum": 4, "name": "0006tbl1"}, "pagenum": 5, "bbox": [314.0, 66.0, 345.0, 78.0]}, {"destination": {"pagenum": 12, "name": "0006c79"}, "pagenum": 5, "bbox": [368.0, 196.0, 411.0, 208.0]}, {"destination": {"pagenum": 4, "name": "0006tbl1"}, "pagenum": 5, "bbox": [546.0, 284.0, 568.0, 296.0]}, {"destination": {"pagenum": 4, "name": "0006tbl1"}, "pagenum": 5, "bbox": [314.0, 295.0, 321.0, 307.0]}, {"destination": {"pagenum": 11, "name": "0006c59"}, "pagenum": 5, "bbox": [523.0, 306.0, 568.0, 318.0]}, {"destination": {"pagenum": 11, "name": "0006c59"}, "pagenum": 5, "bbox": [314.0, 317.0, 340.0, 329.0]}, {"destination": {"pagenum": 4, "name": "0006tbl1"}, "pagenum": 5, "bbox": [314.0, 404.0, 344.0, 416.0]}, {"destination": {"pagenum": 4, "name": "0006tbl1"}, "pagenum": 5, "bbox": [375.0, 426.0, 405.0, 438.0]}, {"destination": {"pagenum": 6, "name": "0006fig2"}, "pagenum": 5, "bbox": [493.0, 668.0, 526.0, 680.0]}, {"destination": {"pagenum": 4, "name": "0006tbl1"}, "pagenum": 5, "bbox": [317.0, 679.0, 347.0, 691.0]}, {"destination": {"pagenum": 4, "name": "0006tbl1"}, "pagenum": 6, "bbox": [163.0, 459.0, 192.0, 471.0]}, {"destination": {"pagenum": 4, "name": "0006tbl1"}, "pagenum": 6, "bbox": [47.0, 481.0, 79.0, 493.0]}, {"destination": {"pagenum": 4, "name": "0006tbl1"}, "pagenum": 6, "bbox": [250.0, 613.0, 279.0, 625.0]}, {"destination": {"pagenum": 4, "name": "0006tbl1"}, "pagenum": 6, "bbox": [153.0, 657.0, 184.0, 669.0]}, {"destination": {"pagenum": 10, "name": "0006c11"}, "pagenum": 6, "bbox": [221.0, 723.0, 298.0, 735.0]}, {"destination": {"pagenum": 10, "name": "0006c11"}, "pagenum": 6, "bbox": [314.0, 318.0, 381.0, 330.0]}, {"destination": {"pagenum": 11, "name": "0006c30"}, "pagenum": 6, "bbox": [386.0, 318.0, 551.0, 330.0]}, {"destination": {"pagenum": 6, "name": "0006tbl2"}, "pagenum": 6, "bbox": [372.0, 492.0, 402.0, 504.0]}, {"destination": {"pagenum": 7, "name": "0006tbl3"}, "pagenum": 7, "bbox": [126.0, 269.0, 156.0, 281.0]}, {"destination": {"pagenum": 12, "name": "0006c69"}, "pagenum": 7, "bbox": [211.0, 324.0, 293.0, 336.0]}, {"destination": {"pagenum": 10, "name": "0006c16"}, "pagenum": 7, "bbox": [47.0, 346.0, 152.0, 358.0]}, {"destination": {"pagenum": 12, "name": "0006c74"}, "pagenum": 7, "bbox": [157.0, 346.0, 293.0, 358.0]}, {"destination": {"pagenum": 7, "name": "0006tbl4"}, "pagenum": 7, "bbox": [44.0, 434.0, 73.0, 446.0]}, {"destination": {"pagenum": 8, "name": "0006tbl5"}, "pagenum": 7, "bbox": [360.0, 280.0, 391.0, 292.0]}, {"destination": {"pagenum": 10, "name": "0006c26"}, "pagenum": 7, "bbox": [478.0, 412.0, 549.0, 424.0]}, {"destination": {"pagenum": 11, "name": "0006c31"}, "pagenum": 7, "bbox": [341.0, 423.0, 544.0, 435.0]}, {"destination": {"pagenum": 10, "name": "0006c18"}, "pagenum": 8, "bbox": [203.0, 429.0, 295.0, 441.0]}, {"destination": {"pagenum": 11, "name": "0006c52"}, "pagenum": 8, "bbox": [44.0, 440.0, 132.0, 452.0]}, {"destination": {"pagenum": 11, "name": "0006c63"}, "pagenum": 8, "bbox": [100.0, 462.0, 274.0, 474.0]}, {"destination": {"pagenum": 12, "name": "0006c69"}, "pagenum": 8, "bbox": [277.0, 462.0, 298.0, 474.0]}, {"destination": {"pagenum": 12, "name": "0006c69"}, "pagenum": 8, "bbox": [44.0, 473.0, 106.0, 485.0]}, {"destination": {"pagenum": 11, "name": "0006c59"}, "pagenum": 8, "bbox": [394.0, 366.0, 464.0, 378.0]}, {"destination": {"pagenum": 9, "name": "0006tbl6"}, "pagenum": 9, "bbox": [245.0, 88.0, 277.0, 100.0]}, {"destination": {"pagenum": 9, "name": "0006tbl6"}, "pagenum": 9, "bbox": [182.0, 121.0, 211.0, 133.0]}, {"destination": {"pagenum": 11, "name": "0006c42"}, "pagenum": 9, "bbox": [112.0, 132.0, 298.0, 144.0]}, {"destination": {"pagenum": 11, "name": "0006c42"}, "pagenum": 9, "bbox": [44.0, 143.0, 64.0, 155.0]}, {"destination": {"pagenum": 11, "name": "0006c43"}, "pagenum": 9, "bbox": [271.0, 154.0, 298.0, 166.0]}, {"destination": {"pagenum": 11, "name": "0006c43"}, "pagenum": 9, "bbox": [44.0, 165.0, 108.0, 177.0]}, {"destination": {"pagenum": 12, "name": "0006c72"}, "pagenum": 9, "bbox": [113.0, 165.0, 199.0, 177.0]}, {"destination": {"pagenum": 10, "name": "0006c24"}, "pagenum": 9, "bbox": [67.0, 220.0, 150.0, 232.0]}, {"destination": {"pagenum": 12, "name": "0006c78"}, "pagenum": 9, "bbox": [153.0, 220.0, 279.0, 232.0]}, {"destination": {"pagenum": 10, "name": "0006c15"}, "pagenum": 9, "bbox": [225.0, 231.0, 274.0, 243.0]}, {"destination": {"pagenum": 11, "name": "0006c34"}, "pagenum": 9, "bbox": [249.0, 407.0, 298.0, 419.0]}, {"destination": {"pagenum": 11, "name": "0006c34"}, "pagenum": 9, "bbox": [44.0, 418.0, 107.0, 430.0]}, {"destination": {"pagenum": 12, "name": "0006c80"}, "pagenum": 9, "bbox": [47.0, 451.0, 171.0, 463.0]}, {"destination": {"pagenum": 9, "name": "0006tbl6"}, "pagenum": 9, "bbox": [249.0, 451.0, 279.0, 463.0]}, {"destination": {"pagenum": 12, "name": "0006c72"}, "pagenum": 9, "bbox": [103.0, 462.0, 182.0, 474.0]}, {"destination": {"pagenum": 4, "name": "0006tbl1"}, "pagenum": 9, "bbox": [217.0, 517.0, 251.0, 529.0]}, {"destination": {"pagenum": 9, "name": "0006tbl6"}, "pagenum": 9, "bbox": [269.0, 517.0, 275.0, 529.0]}, {"destination": {"pagenum": 11, "name": "0006c44"}, "pagenum": 9, "bbox": [400.0, 121.0, 493.0, 133.0]}, {"destination": {"pagenum": 11, "name": "0006c56"}, "pagenum": 9, "bbox": [496.0, 121.0, 568.0, 133.0]}, {"destination": {"pagenum": 11, "name": "0006c56"}, "pagenum": 9, "bbox": [314.0, 132.0, 334.0, 144.0]}, {"destination": {"pagenum": 11, "name": "0006c67"}, "pagenum": 9, "bbox": [339.0, 198.0, 397.0, 210.0]}, {"destination": {"pagenum": 12, "name": "0006c78"}, "pagenum": 9, "bbox": [522.0, 286.0, 568.0, 298.0]}, {"destination": {"pagenum": 12, "name": "0006c78"}, "pagenum": 9, "bbox": [314.0, 297.0, 334.0, 309.0]}, {"destination": {"pagenum": 9, "name": "0006tbl6"}, "pagenum": 9, "bbox": [405.0, 341.0, 435.0, 353.0]}, {"destination": {"pagenum": 12, "name": "0006c72"}, "pagenum": 9, "bbox": [382.0, 352.0, 466.0, 364.0]}, {"destination": {"pagenum": 4, "name": "0006tbl1"}, "pagenum": 9, "bbox": [357.0, 407.0, 387.0, 419.0]}, {"destination": {"pagenum": 9, "name": "0006tbl6"}, "pagenum": 9, "bbox": [474.0, 407.0, 504.0, 419.0]}, {"destination": {"pagenum": 12, "name": "0006c72"}, "pagenum": 9, "bbox": [44.0, 683.0, 120.0, 694.0]}, {"destination": {"pagenum": 11, "name": "0006c67"}, "pagenum": 9, "bbox": [44.0, 701.0, 96.0, 712.0]}, {"destination": {"pagenum": 11, "name": "0006c59"}, "pagenum": 9, "bbox": [79.0, 710.0, 145.0, 721.0]}, {"destination": {"pagenum": 12, "name": "0006c72"}, "pagenum": 10, "bbox": [252.0, 66.0, 298.0, 78.0]}, {"destination": {"pagenum": 12, "name": "0006c72"}, "pagenum": 10, "bbox": [44.0, 77.0, 82.0, 89.0]}, {"destination": {"pagenum": 9, "name": "0006tbl6"}, "pagenum": 10, "bbox": [133.0, 110.0, 163.0, 122.0]}, {"destination": {"pagenum": 12, "name": "0006c72"}, "pagenum": 10, "bbox": [239.0, 110.0, 298.0, 122.0]}, {"destination": {"pagenum": 12, "name": "0006c72"}, "pagenum": 10, "bbox": [44.0, 121.0, 70.0, 133.0]}, {"destination": {"pagenum": 12, "name": "0006c72"}, "pagenum": 10, "bbox": [211.0, 165.0, 296.0, 177.0]}, {"destination": {"pagenum": 11, "name": "0006c67"}, "pagenum": 10, "bbox": [44.0, 176.0, 102.0, 188.0]}, {"destination": {"pagenum": 11, "name": "0006c59"}, "pagenum": 10, "bbox": [115.0, 176.0, 187.0, 188.0]}, {"destination": {"pagenum": 12, "name": "0006c75"}, "pagenum": 10, "bbox": [122.0, 297.0, 206.0, 309.0]}, {"pagenum": 10, "bbox": [253.0, 564.0, 298.0, 575.0], "uri": "http://dx.doi.org/10.1037/h0076860"}, {"pagenum": 10, "bbox": [52.0, 574.0, 86.0, 585.0], "uri": "http://dx.doi.org/10.1037/h0076860"}, {"pagenum": 10, "bbox": [133.0, 634.0, 242.0, 645.0], "uri": "http://dx.doi.org/10.1037/0003-066X.63.9.839"}, {"pagenum": 10, "bbox": [283.0, 654.0, 298.0, 665.0], "uri": "http://dx.doi.org/10.2466/pr0.1965.16.2.547"}, {"pagenum": 10, "bbox": [52.0, 664.0, 141.0, 675.0], "uri": "http://dx.doi.org/10.2466/pr0.1965.16.2.547"}, {"pagenum": 10, "bbox": [369.0, 65.0, 436.0, 76.0], "uri": "http://dx.doi.org/10.1086/338209"}, {"pagenum": 10, "bbox": [554.0, 86.0, 568.0, 96.0], "uri": "http://dx.doi.org/10.1093/cercor/10.3.295"}, {"pagenum": 10, "bbox": [322.0, 96.0, 402.0, 107.0], "uri": "http://dx.doi.org/10.1093/cercor/10.3.295"}, {"pagenum": 10, "bbox": [427.0, 117.0, 539.0, 127.0], "uri": "http://dx.doi.org/10.1037/0033-2909.107.2.238"}, {"pagenum": 10, "bbox": [408.0, 147.0, 492.0, 158.0], "uri": "http://dx.doi.org/10.1007/PL00005490"}, {"pagenum": 10, "bbox": [424.0, 199.0, 531.0, 210.0], "uri": "http://dx.doi.org/10.1177/1745691610393980"}, {"pagenum": 10, "bbox": [441.0, 220.0, 556.0, 230.0], "uri": "http://dx.doi.org/10.1207/s15327906mbr2704_2"}, {"pagenum": 10, "bbox": [491.0, 240.0, 568.0, 251.0], "uri": "http://dx.doi.org/10.1037/0022-3514.42.1.116"}, {"pagenum": 10, "bbox": [322.0, 250.0, 354.0, 261.0], "uri": "http://dx.doi.org/10.1037/0022-3514.42.1.116"}, {"pagenum": 10, "bbox": [339.0, 292.0, 446.0, 302.0], "uri": "http://dx.doi.org/10.1037/0022-3514.67.2.319"}, {"pagenum": 10, "bbox": [554.0, 312.0, 568.0, 323.0], "uri": "http://dx.doi.org/10.1177/001316445801800412"}, {"pagenum": 10, "bbox": [322.0, 322.0, 424.0, 333.0], "uri": "http://dx.doi.org/10.1177/001316445801800412"}, {"pagenum": 10, "bbox": [368.0, 353.0, 439.0, 364.0], "uri": "http://dx.doi.org/10.2307/3151463"}, {"pagenum": 10, "bbox": [363.0, 384.0, 478.0, 395.0], "uri": "http://dx.doi.org/10.1016/j.brainres.2011.05.053"}, {"pagenum": 10, "bbox": [452.0, 425.0, 561.0, 436.0], "uri": "http://dx.doi.org/10.1521/pedi.18.6.555.54795"}, {"pagenum": 10, "bbox": [367.0, 467.0, 495.0, 477.0], "uri": "http://dx.doi.org/10.1111/j.1369-1600.2009.00190.x"}, {"pagenum": 10, "bbox": [522.0, 487.0, 568.0, 498.0], "uri": "http://dx.doi.org/10.1207/S15328007SEM0903_2"}, {"pagenum": 10, "bbox": [322.0, 497.0, 401.0, 508.0], "uri": "http://dx.doi.org/10.1207/S15328007SEM0903_2"}, {"pagenum": 10, "bbox": [507.0, 559.0, 568.0, 570.0], "uri": "http://dx.doi.org/10.1037/0022-3514.71.2.390"}, {"pagenum": 10, "bbox": [322.0, 570.0, 370.0, 580.0], "uri": "http://dx.doi.org/10.1037/0022-3514.71.2.390"}, {"pagenum": 10, "bbox": [355.0, 600.0, 473.0, 611.0], "uri": "http://dx.doi.org/10.1177/0013164496056006001"}, {"pagenum": 10, "bbox": [368.0, 642.0, 471.0, 652.0], "uri": "http://dx.doi.org/10.1016/j.paid.2008.09.017"}, {"pagenum": 10, "bbox": [356.0, 683.0, 460.0, 693.0], "uri": "http://dx.doi.org/10.2466/pms.2002.95.2.621"}, {"pagenum": 10, "bbox": [322.0, 724.0, 395.0, 735.0], "uri": "http://dx.doi.org/10.1002/jclp.1051"}, {"pagenum": 11, "bbox": [201.0, 55.0, 298.0, 65.0], "uri": "file://localhost/tmp/viewapi/workspace/convert-2cd66102f2094bfcb1ff2615ad869caa/scholar.google.com/scholar?cluster=9152786455601693619%26amp;hl=en%26amp;as_sdt=0,34%26amp;as_vis=1"}, {"pagenum": 11, "bbox": [52.0, 65.0, 295.0, 75.0], "uri": "file://localhost/tmp/viewapi/workspace/convert-2cd66102f2094bfcb1ff2615ad869caa/scholar.google.com/scholar?cluster=9152786455601693619%26amp;hl=en%26amp;as_sdt=0,34%26amp;as_vis=1"}, {"pagenum": 11, "bbox": [77.0, 95.0, 191.0, 106.0], "uri": "http://dx.doi.org/10.1207/s15327906mbr2501_3"}, {"pagenum": 11, "bbox": [255.0, 126.0, 298.0, 136.0], "uri": "http://dx.doi.org/10.1037/0003-066X.59.2.93"}, {"pagenum": 11, "bbox": [52.0, 136.0, 116.0, 146.0], "uri": "http://dx.doi.org/10.1037/0003-066X.59.2.93"}, {"pagenum": 11, "bbox": [195.0, 166.0, 298.0, 177.0], "uri": "http://dx.doi.org/10.1016/j.paid.2004.03.004"}, {"pagenum": 11, "bbox": [150.0, 207.0, 260.0, 218.0], "uri": "http://dx.doi.org/10.1080/10705519709540064"}, {"pagenum": 11, "bbox": [158.0, 237.0, 224.0, 248.0], "uri": "http://dx.doi.org/10.1002/bsl.820"}, {"pagenum": 11, "bbox": [126.0, 258.0, 210.0, 268.0], "uri": "http://dx.doi.org/10.1007/BF02287965"}, {"pagenum": 11, "bbox": [181.0, 278.0, 265.0, 289.0], "uri": "http://dx.doi.org/10.1007/BF02289447"}, {"pagenum": 11, "bbox": [160.0, 349.0, 241.0, 360.0], "uri": "http://dx.doi.org/10.1037/arc0000004"}, {"pagenum": 11, "bbox": [232.0, 379.0, 298.0, 390.0], "uri": "http://dx.doi.org/10.1016/S0191-8869%2801%2900032-0"}, {"pagenum": 11, "bbox": [52.0, 389.0, 110.0, 400.0], "uri": "http://dx.doi.org/10.1016/S0191-8869%2801%2900032-0"}, {"pagenum": 11, "bbox": [149.0, 420.0, 259.0, 431.0], "uri": "http://dx.doi.org/10.1080/10705519909540118"}, {"pagenum": 11, "bbox": [126.0, 450.0, 237.0, 461.0], "uri": "http://dx.doi.org/10.1016/j.neuron.2006.01.024"}, {"pagenum": 11, "bbox": [255.0, 481.0, 298.0, 491.0], "uri": "http://dx.doi.org/10.1080/10705519809540111"}, {"pagenum": 11, "bbox": [52.0, 491.0, 122.0, 502.0], "uri": "http://dx.doi.org/10.1080/10705519809540111"}, {"pagenum": 11, "bbox": [161.0, 511.0, 298.0, 522.0], "uri": "http://www.impulsivity.org/measurement/bis11"}, {"pagenum": 11, "bbox": [52.0, 521.0, 71.0, 532.0], "uri": "http://www.impulsivity.org/measurement/bis11"}, {"pagenum": 11, "bbox": [209.0, 552.0, 298.0, 562.0], "uri": "http://dx.doi.org/10.1016/j.paid.2008.04.012"}, {"pagenum": 11, "bbox": [52.0, 562.0, 68.0, 572.0], "uri": "http://dx.doi.org/10.1016/j.paid.2008.04.012"}, {"pagenum": 11, "bbox": [150.0, 582.0, 255.0, 593.0], "uri": "http://dx.doi.org/10.1007/s11336-011-9218-4"}, {"pagenum": 11, "bbox": [52.0, 653.0, 176.0, 664.0], "uri": "http://dx.doi.org/10.1016/S1054-139X%2801%2900391-3"}, {"pagenum": 11, "bbox": [232.0, 673.0, 298.0, 684.0], "uri": "http://dx.doi.org/10.1016/S0306-4603%2802%2900220-4"}, {"pagenum": 11, "bbox": [52.0, 683.0, 110.0, 694.0], "uri": "http://dx.doi.org/10.1016/S0306-4603%2802%2900220-4"}, {"pagenum": 11, "bbox": [86.0, 724.0, 203.0, 735.0], "uri": "http://dx.doi.org/10.1016/0191-8869%2891%2990220-6"}, {"pagenum": 11, "bbox": [433.0, 65.0, 538.0, 76.0], "uri": "http://dx.doi.org/10.1037/1082-989X.1.2.130"}, {"pagenum": 11, "bbox": [521.0, 96.0, 568.0, 107.0], "uri": "http://dx.doi.org/10.1207/s15327906mbr2901_1"}, {"pagenum": 11, "bbox": [322.0, 106.0, 396.0, 117.0], "uri": "http://dx.doi.org/10.1207/s15327906mbr2901_1"}, {"pagenum": 11, "bbox": [477.0, 137.0, 568.0, 148.0], "uri": "http://dx.doi.org/10.1037/0033-2909.111.3.490"}, {"pagenum": 11, "bbox": [322.0, 147.0, 344.0, 158.0], "uri": "http://dx.doi.org/10.1037/0033-2909.111.3.490"}, {"pagenum": 11, "bbox": [525.0, 220.0, 568.0, 230.0], "uri": "http://dx.doi.org/10.1017/S1355617707070889"}, {"pagenum": 11, "bbox": [322.0, 230.0, 392.0, 240.0], "uri": "http://dx.doi.org/10.1017/S1355617707070889"}, {"pagenum": 11, "bbox": [418.0, 261.0, 528.0, 271.0], "uri": "http://dx.doi.org/10.1176/appi.ajp.158.11.1783"}, {"pagenum": 11, "bbox": [502.0, 281.0, 568.0, 292.0], "uri": "http://dx.doi.org/10.1016/0304-4076%2883%2990093-3"}, {"pagenum": 11, "bbox": [322.0, 292.0, 380.0, 302.0], "uri": "http://dx.doi.org/10.1016/0304-4076%2883%2990093-3"}, {"pagenum": 11, "bbox": [322.0, 415.0, 568.0, 426.0], "uri": "http://dx.doi.org/10.1002/1097-4679%28199511%2951:6%3C768::AID-JCLP2270510607%3E3.0.CO;2-1"}, {"pagenum": 11, "bbox": [322.0, 425.0, 350.0, 436.0], "uri": "http://dx.doi.org/10.1002/1097-4679%28199511%2951:6%3C768::AID-JCLP2270510607%3E3.0.CO;2-1"}, {"pagenum": 11, "bbox": [456.0, 446.0, 562.0, 457.0], "uri": "http://dx.doi.org/10.1007/s00213-008-1173-0"}, {"pagenum": 11, "bbox": [501.0, 467.0, 568.0, 477.0], "uri": "http://dx.doi.org/10.1016/S0376-8716%2800%2900188-5"}, {"pagenum": 11, "bbox": [322.0, 477.0, 380.0, 488.0], "uri": "http://dx.doi.org/10.1016/S0376-8716%2800%2900188-5"}, {"pagenum": 11, "bbox": [356.0, 518.0, 463.0, 529.0], "uri": "http://dx.doi.org/10.1037/0021-9010.88.5.879"}, {"pagenum": 11, "bbox": [459.0, 549.0, 562.0, 560.0], "uri": "http://dx.doi.org/10.1016/j.paid.2005.03.024"}, {"pagenum": 11, "bbox": [495.0, 580.0, 568.0, 591.0], "uri": "http://dx.doi.org/10.1016/S0376-6357%2803%2900109-8"}, {"pagenum": 11, "bbox": [322.0, 590.0, 380.0, 601.0], "uri": "http://dx.doi.org/10.1016/S0376-6357%2803%2900109-8"}, {"pagenum": 11, "bbox": [525.0, 631.0, 568.0, 642.0], "uri": "http://dx.doi.org/10.1080/14999013.2010.517258"}, {"pagenum": 11, "bbox": [322.0, 642.0, 400.0, 652.0], "uri": "http://dx.doi.org/10.1080/14999013.2010.517258"}, {"pagenum": 11, "bbox": [463.0, 683.0, 568.0, 693.0], "uri": "http://dx.doi.org/10.1046/j.1440-1819.2001.00796.x"}, {"pagenum": 11, "bbox": [322.0, 693.0, 352.0, 704.0], "uri": "http://dx.doi.org/10.1046/j.1440-1819.2001.00796.x"}, {"pagenum": 11, "bbox": [339.0, 724.0, 449.0, 735.0], "uri": "http://dx.doi.org/10.1080/00207450490249347"}, {"pagenum": 12, "bbox": [232.0, 75.0, 298.0, 86.0], "uri": "http://dx.doi.org/10.1016/S0191-8869%2896%2900151-1"}, {"pagenum": 12, "bbox": [52.0, 85.0, 110.0, 96.0], "uri": "http://dx.doi.org/10.1016/S0191-8869%2896%2900151-1"}, {"pagenum": 12, "bbox": [52.0, 126.0, 155.0, 137.0], "uri": "http://dx.doi.org/10.1016/j.paid.2009.04.008"}, {"pagenum": 12, "bbox": [252.0, 146.0, 298.0, 157.0], "uri": "http://dx.doi.org/10.1046/j.1360-0443.1998.93689511.x"}, {"pagenum": 12, "bbox": [52.0, 156.0, 149.0, 167.0], "uri": "http://dx.doi.org/10.1046/j.1360-0443.1998.93689511.x"}, {"pagenum": 12, "bbox": [52.0, 187.0, 167.0, 198.0], "uri": "http://dx.doi.org/10.1207/s15327906mbr2502_4"}, {"pagenum": 12, "bbox": [252.0, 218.0, 298.0, 228.0], "uri": "http://dx.doi.org/10.1037/a0030550"}, {"pagenum": 12, "bbox": [52.0, 228.0, 86.0, 238.0], "uri": "http://dx.doi.org/10.1037/a0030550"}, {"pagenum": 12, "bbox": [138.0, 268.0, 272.0, 279.0], "uri": "http://dx.doi.org/10.1590/S1516-44462006005000020"}, {"pagenum": 12, "bbox": [124.0, 299.0, 227.0, 310.0], "uri": "http://dx.doi.org/10.1023/A:1008146924781"}, {"pagenum": 12, "bbox": [525.0, 64.0, 568.0, 75.0], "uri": "http://dx.doi.org/10.1002/per.556"}, {"pagenum": 12, "bbox": [322.0, 74.0, 348.0, 85.0], "uri": "http://dx.doi.org/10.1002/per.556"}, {"pagenum": 12, "bbox": [554.0, 94.0, 568.0, 105.0], "uri": "http://dx.doi.org/10.1037/1082-989X.12.1.58"}, {"pagenum": 12, "bbox": [322.0, 104.0, 415.0, 115.0], "uri": "http://dx.doi.org/10.1037/1082-989X.12.1.58"}, {"pagenum": 12, "bbox": [492.0, 124.0, 568.0, 135.0], "uri": "http://dx.doi.org/10.1016/j.tics.2007.10.004"}, {"pagenum": 12, "bbox": [322.0, 134.0, 348.0, 145.0], "uri": "http://dx.doi.org/10.1016/j.tics.2007.10.004"}, {"pagenum": 12, "bbox": [433.0, 164.0, 538.0, 175.0], "uri": "http://dx.doi.org/10.1037/1082-989X.1.4.354"}, {"pagenum": 12, "bbox": [322.0, 194.0, 456.0, 205.0], "uri": "http://dx.doi.org/10.1111/j.1745-3984.1993.tb00423.x"}, {"pagenum": 12, "bbox": [420.0, 224.0, 504.0, 235.0], "uri": "http://dx.doi.org/10.1007/BF02294531"}]}