{"numpages": 11, "version": "1.0.0", "dimensions": {"exceptions": {}, "width": 594.0, "height": 792.0}, "links": [{"destination": {"pagenum": 9, "name": "2638c16"}, "pagenum": 1, "bbox": [215.0, 444.0, 295.0, 456.0]}, {"destination": {"pagenum": 10, "name": "2638c29"}, "pagenum": 1, "bbox": [56.0, 455.0, 202.0, 467.0]}, {"destination": {"pagenum": 11, "name": "2638c68"}, "pagenum": 1, "bbox": [201.0, 477.0, 298.0, 489.0]}, {"destination": {"pagenum": 11, "name": "2638c68"}, "pagenum": 1, "bbox": [56.0, 488.0, 76.0, 500.0]}, {"destination": {"pagenum": 9, "name": "2638c7"}, "pagenum": 1, "bbox": [228.0, 488.0, 298.0, 500.0]}, {"destination": {"pagenum": 9, "name": "2638c7"}, "pagenum": 1, "bbox": [56.0, 499.0, 106.0, 511.0]}, {"destination": {"pagenum": 10, "name": "2638c35"}, "pagenum": 1, "bbox": [111.0, 499.0, 275.0, 511.0]}, {"destination": {"pagenum": 9, "name": "2638c13"}, "pagenum": 1, "bbox": [275.0, 510.0, 298.0, 522.0]}, {"destination": {"pagenum": 9, "name": "2638c13"}, "pagenum": 1, "bbox": [56.0, 521.0, 174.0, 533.0]}, {"destination": {"pagenum": 10, "name": "2638c33"}, "pagenum": 1, "bbox": [178.0, 521.0, 293.0, 533.0]}, {"destination": {"pagenum": 9, "name": "2638c3"}, "pagenum": 1, "bbox": [261.0, 543.0, 298.0, 555.0]}, {"destination": {"pagenum": 9, "name": "2638c3"}, "pagenum": 1, "bbox": [56.0, 554.0, 167.0, 566.0]}, {"destination": {"pagenum": 10, "name": "2638c30"}, "pagenum": 1, "bbox": [531.0, 444.0, 556.0, 456.0]}, {"destination": {"pagenum": 10, "name": "2638c30"}, "pagenum": 1, "bbox": [314.0, 455.0, 495.0, 467.0]}, {"destination": {"pagenum": 10, "name": "2638c48"}, "pagenum": 1, "bbox": [500.0, 455.0, 556.0, 467.0]}, {"destination": {"pagenum": 10, "name": "2638c48"}, "pagenum": 1, "bbox": [314.0, 466.0, 334.0, 478.0]}, {"destination": {"pagenum": 9, "name": "2638c10"}, "pagenum": 1, "bbox": [383.0, 615.0, 432.0, 627.0]}, {"destination": {"pagenum": 11, "name": "2638c68"}, "pagenum": 1, "bbox": [436.0, 615.0, 510.0, 627.0]}, {"destination": {"pagenum": 10, "name": "2638c25"}, "pagenum": 1, "bbox": [435.0, 637.0, 556.0, 649.0]}, {"destination": {"pagenum": 10, "name": "2638c25"}, "pagenum": 1, "bbox": [314.0, 648.0, 353.0, 660.0]}, {"destination": {"pagenum": 9, "name": "2638c21"}, "pagenum": 1, "bbox": [483.0, 670.0, 556.0, 682.0]}, {"destination": {"pagenum": 9, "name": "2638c21"}, "pagenum": 1, "bbox": [314.0, 681.0, 334.0, 693.0]}, {"destination": {"pagenum": 10, "name": "2638c40"}, "pagenum": 1, "bbox": [338.0, 681.0, 417.0, 693.0]}, {"destination": {"pagenum": 10, "name": "2638c44"}, "pagenum": 1, "bbox": [421.0, 681.0, 515.0, 693.0]}, {"pagenum": 1, "uri": "mailto:tkashdan@gmu.edu", "bbox": [149.0, 704.0, 215.0, 715.0]}, {"pagenum": 1, "uri": "http://dx.doi.org/10.1037/a0032733", "bbox": [509.0, 48.0, 556.0, 56.0]}, {"destination": {"pagenum": 10, "name": "2638c39"}, "pagenum": 2, "bbox": [171.0, 65.0, 227.0, 77.0]}, {"destination": {"pagenum": 10, "name": "2638c27"}, "pagenum": 2, "bbox": [173.0, 174.0, 293.0, 186.0]}, {"destination": {"pagenum": 9, "name": "2638c15"}, "pagenum": 2, "bbox": [91.0, 207.0, 244.0, 219.0]}, {"destination": {"pagenum": 10, "name": "2638c28"}, "pagenum": 2, "bbox": [95.0, 251.0, 293.0, 263.0]}, {"destination": {"pagenum": 9, "name": "2638c18"}, "pagenum": 2, "bbox": [217.0, 273.0, 298.0, 285.0]}, {"destination": {"pagenum": 9, "name": "2638c18"}, "pagenum": 2, "bbox": [56.0, 284.0, 76.0, 296.0]}, {"destination": {"pagenum": 9, "name": "2638c21"}, "pagenum": 2, "bbox": [187.0, 350.0, 280.0, 362.0]}, {"destination": {"pagenum": 10, "name": "2638c44"}, "pagenum": 2, "bbox": [224.0, 372.0, 298.0, 384.0]}, {"destination": {"pagenum": 10, "name": "2638c44"}, "pagenum": 2, "bbox": [56.0, 383.0, 76.0, 395.0]}, {"destination": {"pagenum": 11, "name": "2638c66"}, "pagenum": 2, "bbox": [245.0, 405.0, 298.0, 417.0]}, {"destination": {"pagenum": 11, "name": "2638c66"}, "pagenum": 2, "bbox": [56.0, 416.0, 133.0, 428.0]}, {"destination": {"pagenum": 11, "name": "2638c71"}, "pagenum": 2, "bbox": [150.0, 438.0, 215.0, 450.0]}, {"destination": {"pagenum": 11, "name": "2638c61"}, "pagenum": 2, "bbox": [225.0, 449.0, 271.0, 461.0]}, {"destination": {"pagenum": 10, "name": "2638c22"}, "pagenum": 2, "bbox": [88.0, 460.0, 244.0, 472.0]}, {"destination": {"pagenum": 9, "name": "2638c12"}, "pagenum": 2, "bbox": [251.0, 504.0, 298.0, 516.0]}, {"destination": {"pagenum": 9, "name": "2638c12"}, "pagenum": 2, "bbox": [56.0, 515.0, 76.0, 527.0]}, {"destination": {"pagenum": 10, "name": "2638c32"}, "pagenum": 2, "bbox": [126.0, 559.0, 231.0, 571.0]}, {"destination": {"pagenum": 10, "name": "2638c45"}, "pagenum": 2, "bbox": [234.0, 559.0, 298.0, 571.0]}, {"destination": {"pagenum": 10, "name": "2638c45"}, "pagenum": 2, "bbox": [56.0, 570.0, 141.0, 582.0]}, {"destination": {"pagenum": 10, "name": "2638c28"}, "pagenum": 2, "bbox": [226.0, 648.0, 293.0, 660.0]}, {"destination": {"pagenum": 10, "name": "2638c26"}, "pagenum": 2, "bbox": [82.0, 681.0, 164.0, 693.0]}, {"destination": {"pagenum": 10, "name": "2638c43"}, "pagenum": 2, "bbox": [454.0, 65.0, 556.0, 77.0]}, {"destination": {"pagenum": 10, "name": "2638c43"}, "pagenum": 2, "bbox": [314.0, 76.0, 334.0, 88.0]}, {"destination": {"pagenum": 10, "name": "2638c49"}, "pagenum": 2, "bbox": [456.0, 98.0, 525.0, 110.0]}, {"destination": {"pagenum": 10, "name": "2638c50"}, "pagenum": 2, "bbox": [499.0, 131.0, 556.0, 143.0]}, {"destination": {"pagenum": 10, "name": "2638c50"}, "pagenum": 2, "bbox": [314.0, 142.0, 366.0, 154.0]}, {"destination": {"pagenum": 10, "name": "2638c29"}, "pagenum": 2, "bbox": [427.0, 153.0, 513.0, 165.0]}, {"destination": {"pagenum": 10, "name": "2638c34"}, "pagenum": 2, "bbox": [518.0, 153.0, 556.0, 165.0]}, {"destination": {"pagenum": 10, "name": "2638c34"}, "pagenum": 2, "bbox": [314.0, 164.0, 334.0, 176.0]}, {"destination": {"pagenum": 10, "name": "2638c23"}, "pagenum": 2, "bbox": [317.0, 208.0, 385.0, 220.0]}, {"destination": {"pagenum": 11, "name": "2638c65"}, "pagenum": 2, "bbox": [388.0, 208.0, 524.0, 220.0]}, {"destination": {"pagenum": 9, "name": "2638c4"}, "pagenum": 2, "bbox": [360.0, 230.0, 427.0, 242.0]}, {"destination": {"pagenum": 9, "name": "2638c16"}, "pagenum": 2, "bbox": [412.0, 252.0, 491.0, 264.0]}, {"destination": {"pagenum": 10, "name": "2638c29"}, "pagenum": 2, "bbox": [495.0, 252.0, 556.0, 264.0]}, {"destination": {"pagenum": 10, "name": "2638c29"}, "pagenum": 2, "bbox": [314.0, 263.0, 334.0, 275.0]}, {"destination": {"pagenum": 11, "name": "2638c65"}, "pagenum": 2, "bbox": [447.0, 263.0, 517.0, 275.0]}, {"destination": {"pagenum": 9, "name": "2638c5"}, "pagenum": 2, "bbox": [317.0, 307.0, 413.0, 319.0]}, {"destination": {"pagenum": 10, "name": "2638c46"}, "pagenum": 2, "bbox": [317.0, 351.0, 473.0, 363.0]}, {"destination": {"pagenum": 11, "name": "2638c62"}, "pagenum": 2, "bbox": [476.0, 351.0, 551.0, 363.0]}, {"destination": {"pagenum": 10, "name": "2638c41"}, "pagenum": 2, "bbox": [390.0, 450.0, 553.0, 462.0]}, {"destination": {"pagenum": 10, "name": "2638c42"}, "pagenum": 2, "bbox": [314.0, 461.0, 405.0, 473.0]}, {"destination": {"pagenum": 10, "name": "2638c44"}, "pagenum": 2, "bbox": [408.0, 461.0, 500.0, 473.0]}, {"destination": {"pagenum": 11, "name": "2638c56"}, "pagenum": 2, "bbox": [503.0, 461.0, 556.0, 473.0]}, {"destination": {"pagenum": 11, "name": "2638c56"}, "pagenum": 2, "bbox": [314.0, 472.0, 376.0, 484.0]}, {"destination": {"pagenum": 11, "name": "2638c58"}, "pagenum": 2, "bbox": [381.0, 472.0, 500.0, 484.0]}, {"destination": {"pagenum": 10, "name": "2638c37"}, "pagenum": 2, "bbox": [500.0, 681.0, 556.0, 693.0]}, {"destination": {"pagenum": 10, "name": "2638c37"}, "pagenum": 2, "bbox": [314.0, 692.0, 334.0, 704.0]}, {"destination": {"pagenum": 11, "name": "2638c72"}, "pagenum": 3, "bbox": [217.0, 186.0, 293.0, 198.0]}, {"destination": {"pagenum": 9, "name": "2638c15"}, "pagenum": 3, "bbox": [80.0, 208.0, 149.0, 220.0]}, {"destination": {"pagenum": 10, "name": "2638c29"}, "pagenum": 3, "bbox": [153.0, 208.0, 237.0, 220.0]}, {"destination": {"pagenum": 10, "name": "2638c45"}, "pagenum": 3, "bbox": [240.0, 208.0, 298.0, 220.0]}, {"destination": {"pagenum": 10, "name": "2638c45"}, "pagenum": 3, "bbox": [56.0, 219.0, 76.0, 231.0]}, {"destination": {"pagenum": 10, "name": "2638c49"}, "pagenum": 3, "bbox": [79.0, 219.0, 146.0, 231.0]}, {"destination": {"pagenum": 4, "name": "2638tbl1"}, "pagenum": 3, "bbox": [166.0, 558.0, 196.0, 570.0]}, {"destination": {"pagenum": 10, "name": "2638c24"}, "pagenum": 3, "bbox": [473.0, 120.0, 556.0, 132.0]}, {"destination": {"pagenum": 10, "name": "2638c24"}, "pagenum": 3, "bbox": [314.0, 131.0, 384.0, 143.0]}, {"destination": {"pagenum": 9, "name": "2638c19"}, "pagenum": 3, "bbox": [419.0, 164.0, 551.0, 176.0]}, {"destination": {"pagenum": 4, "name": "2638tbl1"}, "pagenum": 3, "bbox": [500.0, 263.0, 530.0, 275.0]}, {"destination": {"pagenum": 11, "name": "2638c70"}, "pagenum": 3, "bbox": [485.0, 296.0, 556.0, 308.0]}, {"destination": {"pagenum": 11, "name": "2638c70"}, "pagenum": 3, "bbox": [314.0, 307.0, 393.0, 319.0]}, {"destination": {"pagenum": 11, "name": "2638c52"}, "pagenum": 3, "bbox": [403.0, 428.0, 454.0, 440.0]}, {"destination": {"pagenum": 11, "name": "2638c52"}, "pagenum": 3, "bbox": [376.0, 604.0, 427.0, 616.0]}, {"destination": {"pagenum": 10, "name": "2638c47"}, "pagenum": 3, "bbox": [314.0, 659.0, 406.0, 671.0]}, {"destination": {"pagenum": 9, "name": "2638c9"}, "pagenum": 4, "bbox": [202.0, 505.0, 270.0, 517.0]}, {"destination": {"pagenum": 10, "name": "2638c30"}, "pagenum": 4, "bbox": [273.0, 505.0, 298.0, 517.0]}, {"destination": {"pagenum": 10, "name": "2638c30"}, "pagenum": 4, "bbox": [56.0, 516.0, 118.0, 528.0]}, {"destination": {"pagenum": 11, "name": "2638c57"}, "pagenum": 4, "bbox": [274.0, 527.0, 298.0, 539.0]}, {"destination": {"pagenum": 11, "name": "2638c57"}, "pagenum": 4, "bbox": [56.0, 538.0, 122.0, 550.0]}, {"destination": {"pagenum": 11, "name": "2638c59"}, "pagenum": 4, "bbox": [124.0, 538.0, 269.0, 550.0]}, {"destination": {"pagenum": 11, "name": "2638c57"}, "pagenum": 4, "bbox": [84.0, 648.0, 176.0, 660.0]}, {"destination": {"pagenum": 9, "name": "2638c9"}, "pagenum": 4, "bbox": [59.0, 703.0, 130.0, 715.0]}, {"destination": {"pagenum": 9, "name": "2638c6"}, "pagenum": 4, "bbox": [533.0, 505.0, 556.0, 517.0]}, {"destination": {"pagenum": 9, "name": "2638c6"}, "pagenum": 4, "bbox": [314.0, 516.0, 396.0, 528.0]}, {"destination": {"pagenum": 9, "name": "2638c8"}, "pagenum": 4, "bbox": [350.0, 604.0, 413.0, 616.0]}, {"destination": {"pagenum": 9, "name": "2638c8"}, "pagenum": 4, "bbox": [440.0, 670.0, 507.0, 682.0]}, {"destination": {"pagenum": 10, "name": "2638c38"}, "pagenum": 5, "bbox": [258.0, 65.0, 298.0, 77.0]}, {"destination": {"pagenum": 10, "name": "2638c38"}, "pagenum": 5, "bbox": [56.0, 76.0, 89.0, 88.0]}, {"destination": {"pagenum": 10, "name": "2638c44"}, "pagenum": 5, "bbox": [202.0, 164.0, 292.0, 176.0]}, {"destination": {"pagenum": 9, "name": "2638c14"}, "pagenum": 5, "bbox": [226.0, 450.0, 298.0, 462.0]}, {"destination": {"pagenum": 9, "name": "2638c14"}, "pagenum": 5, "bbox": [56.0, 461.0, 145.0, 473.0]}, {"destination": {"pagenum": 11, "name": "2638c54"}, "pagenum": 5, "bbox": [192.0, 681.0, 298.0, 693.0]}, {"destination": {"pagenum": 11, "name": "2638c54"}, "pagenum": 5, "bbox": [56.0, 692.0, 125.0, 704.0]}, {"destination": {"pagenum": 10, "name": "2638c51"}, "pagenum": 5, "bbox": [128.0, 703.0, 179.0, 715.0]}, {"destination": {"pagenum": 6, "name": "2638tbl2"}, "pagenum": 5, "bbox": [343.0, 252.0, 373.0, 264.0]}, {"destination": {"pagenum": 6, "name": "2638tbl2"}, "pagenum": 5, "bbox": [354.0, 286.0, 385.0, 298.0]}, {"destination": {"pagenum": 10, "name": "2638c73"}, "pagenum": 5, "bbox": [460.0, 353.0, 511.0, 365.0]}, {"destination": {"pagenum": 6, "name": "2638tbl3"}, "pagenum": 6, "bbox": [133.0, 322.0, 162.0, 334.0]}, {"destination": {"pagenum": 10, "name": "2638c51"}, "pagenum": 6, "bbox": [399.0, 581.0, 450.0, 593.0]}, {"destination": {"pagenum": 11, "name": "2638c53"}, "pagenum": 7, "bbox": [197.0, 362.0, 280.0, 374.0]}, {"destination": {"pagenum": 7, "name": "2638tbl4"}, "pagenum": 7, "bbox": [118.0, 494.0, 147.0, 506.0]}, {"destination": {"pagenum": 7, "name": "2638tbl4"}, "pagenum": 7, "bbox": [275.0, 659.0, 298.0, 671.0]}, {"destination": {"pagenum": 7, "name": "2638tbl4"}, "pagenum": 7, "bbox": [56.0, 670.0, 62.0, 682.0]}, {"destination": {"pagenum": 10, "name": "2638c39"}, "pagenum": 7, "bbox": [385.0, 580.0, 442.0, 592.0]}, {"destination": {"pagenum": 11, "name": "2638c68"}, "pagenum": 7, "bbox": [446.0, 580.0, 522.0, 592.0]}, {"destination": {"pagenum": 10, "name": "2638c32"}, "pagenum": 7, "bbox": [425.0, 602.0, 530.0, 614.0]}, {"destination": {"pagenum": 10, "name": "2638c41"}, "pagenum": 7, "bbox": [533.0, 602.0, 556.0, 614.0]}, {"destination": {"pagenum": 10, "name": "2638c41"}, "pagenum": 8, "bbox": [56.0, 65.0, 115.0, 77.0]}, {"destination": {"pagenum": 10, "name": "2638c48"}, "pagenum": 8, "bbox": [126.0, 197.0, 197.0, 209.0]}, {"destination": {"pagenum": 10, "name": "2638c45"}, "pagenum": 8, "bbox": [71.0, 230.0, 149.0, 242.0]}, {"destination": {"pagenum": 11, "name": "2638c69"}, "pagenum": 8, "bbox": [153.0, 230.0, 279.0, 242.0]}, {"destination": {"pagenum": 9, "name": "2638c11"}, "pagenum": 8, "bbox": [191.0, 340.0, 298.0, 352.0]}, {"destination": {"pagenum": 9, "name": "2638c11"}, "pagenum": 8, "bbox": [56.0, 351.0, 76.0, 363.0]}, {"destination": {"pagenum": 10, "name": "2638c41"}, "pagenum": 8, "bbox": [81.0, 351.0, 162.0, 363.0]}, {"destination": {"pagenum": 11, "name": "2638c68"}, "pagenum": 8, "bbox": [167.0, 351.0, 244.0, 363.0]}, {"destination": {"pagenum": 10, "name": "2638c42"}, "pagenum": 8, "bbox": [59.0, 362.0, 154.0, 374.0]}, {"destination": {"pagenum": 10, "name": "2638c46"}, "pagenum": 8, "bbox": [109.0, 406.0, 181.0, 418.0]}, {"destination": {"pagenum": 11, "name": "2638c63"}, "pagenum": 8, "bbox": [184.0, 406.0, 264.0, 418.0]}, {"destination": {"pagenum": 11, "name": "2638c67"}, "pagenum": 8, "bbox": [267.0, 406.0, 298.0, 418.0]}, {"destination": {"pagenum": 11, "name": "2638c67"}, "pagenum": 8, "bbox": [56.0, 417.0, 119.0, 429.0]}, {"destination": {"pagenum": 9, "name": "2638c17"}, "pagenum": 8, "bbox": [167.0, 527.0, 295.0, 539.0]}, {"destination": {"pagenum": 11, "name": "2638c60"}, "pagenum": 8, "bbox": [56.0, 538.0, 196.0, 550.0]}, {"destination": {"pagenum": 9, "name": "2638c1"}, "pagenum": 8, "bbox": [206.0, 637.0, 298.0, 649.0]}, {"destination": {"pagenum": 9, "name": "2638c1"}, "pagenum": 8, "bbox": [56.0, 648.0, 115.0, 660.0]}, {"destination": {"pagenum": 10, "name": "2638c31"}, "pagenum": 8, "bbox": [449.0, 120.0, 556.0, 132.0]}, {"destination": {"pagenum": 10, "name": "2638c31"}, "pagenum": 8, "bbox": [314.0, 131.0, 392.0, 143.0]}, {"destination": {"pagenum": 10, "name": "2638c44"}, "pagenum": 8, "bbox": [511.0, 164.0, 556.0, 176.0]}, {"destination": {"pagenum": 10, "name": "2638c44"}, "pagenum": 8, "bbox": [314.0, 175.0, 361.0, 187.0]}, {"destination": {"pagenum": 9, "name": "2638c20"}, "pagenum": 8, "bbox": [470.0, 329.0, 556.0, 341.0]}, {"destination": {"pagenum": 9, "name": "2638c20"}, "pagenum": 8, "bbox": [314.0, 340.0, 407.0, 352.0]}, {"destination": {"pagenum": 11, "name": "2638c64"}, "pagenum": 8, "bbox": [494.0, 340.0, 556.0, 352.0]}, {"destination": {"pagenum": 11, "name": "2638c64"}, "pagenum": 8, "bbox": [314.0, 351.0, 446.0, 363.0]}, {"destination": {"pagenum": 10, "name": "2638c36"}, "pagenum": 8, "bbox": [364.0, 373.0, 526.0, 385.0]}, {"destination": {"pagenum": 9, "name": "2638c2"}, "pagenum": 8, "bbox": [379.0, 516.0, 469.0, 528.0]}, {"destination": {"pagenum": 10, "name": "2638c45"}, "pagenum": 8, "bbox": [437.0, 560.0, 515.0, 572.0]}, {"destination": {"pagenum": 9, "name": "2638c2"}, "pagenum": 9, "bbox": [137.0, 544.0, 223.0, 556.0]}, {"destination": {"pagenum": 9, "name": "2638c18"}, "pagenum": 9, "bbox": [227.0, 544.0, 298.0, 556.0]}, {"destination": {"pagenum": 9, "name": "2638c18"}, "pagenum": 9, "bbox": [56.0, 555.0, 95.0, 567.0]}, {"pagenum": 9, "uri": "http://dx.doi.org/10.1037/0022-006X.67.5.746%20", "bbox": [64.0, 633.0, 173.0, 644.0]}, {"pagenum": 9, "uri": "http://dx.doi.org/10.1016/j.janxdis.2010.10.003", "bbox": [284.0, 663.0, 298.0, 674.0]}, {"pagenum": 9, "uri": "http://dx.doi.org/10.1016/j.janxdis.2010.10.003", "bbox": [64.0, 674.0, 164.0, 684.0]}, {"pagenum": 9, "uri": "http://dx.doi.org/10.1080/152988602317319302", "bbox": [322.0, 86.0, 437.0, 97.0]}, {"pagenum": 9, "uri": "http://dx.doi.org/10.1111/j.1751-9004.2007.00001.x%20", "bbox": [339.0, 117.0, 466.0, 128.0]}, {"pagenum": 9, "uri": "http://dx.doi.org/10.1016/0005-7967%2885%2990019-1%20", "bbox": [414.0, 169.0, 532.0, 179.0]}, {"pagenum": 9, "uri": "http://dx.doi.org/10.1016/j.beth.2011.03.007", "bbox": [369.0, 220.0, 472.0, 231.0]}, {"pagenum": 9, "uri": "http://dx.doi.org/10.1037/1040-3590.9.1.21%20", "bbox": [421.0, 261.0, 521.0, 272.0]}, {"pagenum": 9, "uri": "http://dx.doi.org/10.1037/0021-843X.116.2.313%20", "bbox": [541.0, 292.0, 556.0, 303.0]}, {"pagenum": 9, "uri": "http://dx.doi.org/10.1037/0021-843X.116.2.313%20", "bbox": [322.0, 302.0, 423.0, 313.0]}, {"pagenum": 9, "uri": "http://dx.doi.org/10.1037/0021-843X.107.2.179%20", "bbox": [495.0, 344.0, 556.0, 354.0]}, {"pagenum": 9, "uri": "http://dx.doi.org/10.1037/0021-843X.107.2.179%20", "bbox": [322.0, 354.0, 376.0, 365.0]}, {"pagenum": 9, "uri": "http://dx.doi.org/10.1037/1528-3542.3.1.48", "bbox": [389.0, 385.0, 488.0, 396.0]}, {"pagenum": 9, "uri": "http://dx.doi.org/10.1016/S0005-7967%2801%2900086-9%20", "bbox": [485.0, 416.0, 556.0, 426.0]}, {"pagenum": 9, "uri": "http://dx.doi.org/10.1016/S0005-7967%2801%2900086-9%20", "bbox": [322.0, 426.0, 380.0, 437.0]}, {"pagenum": 9, "uri": "http://dx.doi.org/10.1007/s10862-009-9161-1%20", "bbox": [322.0, 498.0, 428.0, 509.0]}, {"pagenum": 9, "uri": "http://dx.doi.org/10.1097/00005053-198709000-00004%20", "bbox": [372.0, 570.0, 508.0, 581.0]}, {"pagenum": 9, "uri": "http://dx.doi.org/10.1177/0145445507302037", "bbox": [413.0, 601.0, 520.0, 612.0]}, {"pagenum": 9, "uri": "http://dx.doi.org/10.1016/S0005-7894%2803%2980004-7", "bbox": [513.0, 673.0, 556.0, 684.0]}, {"pagenum": 9, "uri": "http://dx.doi.org/10.1016/S0005-7894%2803%2980004-7", "bbox": [322.0, 683.0, 403.0, 694.0]}, {"pagenum": 10, "uri": "http://dx.doi.org/10.1080/16506073.2012.666561%20", "bbox": [254.0, 65.0, 298.0, 76.0]}, {"pagenum": 10, "uri": "http://dx.doi.org/10.1080/16506073.2012.666561%20", "bbox": [64.0, 76.0, 142.0, 86.0]}, {"pagenum": 10, "uri": "http://dx.doi.org/10.1016/S0005-7967%2802%2900020-7", "bbox": [156.0, 117.0, 278.0, 128.0]}, {"pagenum": 10, "uri": "http://dx.doi.org/10.1037/0022-3514.91.3.456%20", "bbox": [190.0, 158.0, 297.0, 169.0]}, {"pagenum": 10, "uri": "http://dx.doi.org/10.1023/A:1005595513315%20", "bbox": [247.0, 241.0, 298.0, 251.0]}, {"pagenum": 10, "uri": "http://dx.doi.org/10.1023/A:1005595513315%20", "bbox": [64.0, 251.0, 118.0, 262.0]}, {"pagenum": 10, "uri": "http://dx.doi.org/10.1037/0022-3514.85.2.348", "bbox": [64.0, 292.0, 171.0, 303.0]}, {"pagenum": 10, "uri": "http://dx.doi.org/10.1080/02699931.2011.555753%20", "bbox": [150.0, 323.0, 269.0, 334.0]}, {"pagenum": 10, "uri": "http://dx.doi.org/10.1037/0022-006X.64.6.1152", "bbox": [203.0, 364.0, 298.0, 375.0]}, {"pagenum": 10, "uri": "http://dx.doi.org/10.1037/0022-006X.64.6.1152", "bbox": [64.0, 375.0, 84.0, 385.0]}, {"pagenum": 10, "uri": "http://dx.doi.org/10.1016/S0005-7894%2805%2980308-9", "bbox": [230.0, 467.0, 298.0, 478.0]}, {"pagenum": 10, "uri": "http://dx.doi.org/10.1016/S0005-7894%2805%2980308-9", "bbox": [64.0, 477.0, 122.0, 488.0]}, {"pagenum": 10, "uri": "http://dx.doi.org/10.1016/j.janxdis.2008.10.002%20", "bbox": [130.0, 508.0, 242.0, 519.0]}, {"pagenum": 10, "uri": "http://dx.doi.org/10.1007/0-387-25989-9_8", "bbox": [255.0, 550.0, 298.0, 560.0]}, {"pagenum": 10, "uri": "http://dx.doi.org/10.1007/0-387-25989-9_8", "bbox": [64.0, 560.0, 122.0, 571.0]}, {"pagenum": 10, "uri": "http://dx.doi.org/10.1016/j.brat.2007.08.010%20", "bbox": [239.0, 591.0, 298.0, 601.0]}, {"pagenum": 10, "uri": "http://dx.doi.org/10.1016/j.brat.2007.08.010%20", "bbox": [64.0, 601.0, 108.0, 612.0]}, {"pagenum": 10, "uri": "http://dx.doi.org/10.1080/16506070701421313", "bbox": [251.0, 632.0, 298.0, 643.0]}, {"pagenum": 10, "uri": "http://dx.doi.org/10.1080/16506070701421313", "bbox": [64.0, 642.0, 134.0, 653.0]}, {"pagenum": 10, "uri": "http://dx.doi.org/10.1037/0021-843X.104.1.224%20", "bbox": [237.0, 673.0, 298.0, 684.0]}, {"pagenum": 10, "uri": "http://dx.doi.org/10.1037/0021-843X.104.1.224%20", "bbox": [64.0, 683.0, 118.0, 694.0]}, {"pagenum": 10, "uri": "http://dx.doi.org/10.1016/S0005-7894%2801%2980052-6", "bbox": [367.0, 76.0, 489.0, 86.0]}, {"pagenum": 10, "uri": "http://dx.doi.org/10.1016/j.brat.2005.10.015%20", "bbox": [455.0, 117.0, 556.0, 128.0]}, {"pagenum": 10, "uri": "http://dx.doi.org/10.1016/j.cpr.2006.12.003%20", "bbox": [410.0, 199.0, 509.0, 210.0]}, {"pagenum": 10, "uri": "http://dx.doi.org/10.1016/j.brat.2011.03.004", "bbox": [542.0, 241.0, 556.0, 251.0]}, {"pagenum": 10, "uri": "http://dx.doi.org/10.1016/j.brat.2011.03.004", "bbox": [322.0, 251.0, 411.0, 262.0]}, {"pagenum": 10, "uri": "http://dx.doi.org/10.1016/j.brat.2005.10.003%20", "bbox": [454.0, 292.0, 555.0, 303.0]}, {"pagenum": 10, "uri": "http://dx.doi.org/10.1016/j.beth.2007.02.003", "bbox": [419.0, 333.0, 521.0, 344.0]}, {"pagenum": 10, "uri": "http://dx.doi.org/10.1016/j.beth.2010.07.004%20", "bbox": [467.0, 364.0, 556.0, 375.0]}, {"pagenum": 10, "uri": "http://dx.doi.org/10.1016/j.beth.2010.07.004%20", "bbox": [322.0, 375.0, 338.0, 385.0]}, {"pagenum": 10, "uri": "http://dx.doi.org/10.1111/j.1467-9280.2006.01674.x", "bbox": [368.0, 416.0, 496.0, 426.0]}, {"pagenum": 10, "uri": "http://dx.doi.org/10.1016/j.cpr.2011.03.012%20", "bbox": [410.0, 457.0, 509.0, 468.0]}, {"pagenum": 10, "uri": "http://dx.doi.org/10.1002/da.20555", "bbox": [322.0, 498.0, 394.0, 509.0]}, {"pagenum": 10, "uri": "http://dx.doi.org/10.1016/S0005-7967%2897%2910031-6%20", "bbox": [490.0, 529.0, 556.0, 540.0]}, {"pagenum": 10, "uri": "http://dx.doi.org/10.1016/S0005-7967%2897%2910031-6%20", "bbox": [322.0, 539.0, 380.0, 550.0]}, {"pagenum": 10, "uri": "http://dx.doi.org/10.1016/S0887-6185%2802%2900134-2", "bbox": [483.0, 580.0, 556.0, 591.0]}, {"pagenum": 10, "uri": "http://dx.doi.org/10.1016/S0887-6185%2802%2900134-2", "bbox": [322.0, 591.0, 380.0, 601.0]}, {"pagenum": 10, "uri": "http://dx.doi.org/10.1016/j.cbpra.2008.04.002%20", "bbox": [491.0, 622.0, 556.0, 632.0]}, {"pagenum": 10, "uri": "http://dx.doi.org/10.1016/j.cbpra.2008.04.002%20", "bbox": [322.0, 632.0, 366.0, 643.0]}, {"pagenum": 10, "uri": "http://dx.doi.org/10.1016/j.beth.2010.04.007", "bbox": [399.0, 663.0, 501.0, 673.0]}, {"pagenum": 11, "uri": "http://dx.doi.org/10.1037/0021-843X.115.3.616%20", "bbox": [64.0, 148.0, 177.0, 158.0]}, {"pagenum": 11, "uri": "http://dx.doi.org/10.1016/j.janxdis.2007.07.003", "bbox": [173.0, 230.0, 285.0, 241.0]}, {"pagenum": 11, "uri": "http://dx.doi.org/10.1016/j.janxdis.2011.02.002%20", "bbox": [253.0, 271.0, 298.0, 282.0]}, {"pagenum": 11, "uri": "http://dx.doi.org/10.1016/j.janxdis.2011.02.002%20", "bbox": [64.0, 281.0, 133.0, 292.0]}, {"pagenum": 11, "uri": "http://dx.doi.org/10.1007/s10608-010-9313-3", "bbox": [192.0, 312.0, 298.0, 323.0]}, {"pagenum": 11, "uri": "http://dx.doi.org/10.1016/j.beth.2006.08.001%20", "bbox": [109.0, 353.0, 212.0, 364.0]}, {"pagenum": 11, "uri": "http://dx.doi.org/10.1023/A:1023605205115", "bbox": [121.0, 384.0, 224.0, 395.0]}, {"pagenum": 11, "uri": "http://dx.doi.org/10.1016/j.brat.2003.08.006%20", "bbox": [85.0, 415.0, 186.0, 425.0]}, {"pagenum": 11, "uri": "http://dx.doi.org/10.1016/j.jesp.2009.03.007", "bbox": [111.0, 456.0, 213.0, 466.0]}, {"pagenum": 11, "uri": "http://dx.doi.org/10.1016/j.brat.2012.05.004%20", "bbox": [469.0, 85.0, 556.0, 96.0]}, {"pagenum": 11, "uri": "http://dx.doi.org/10.1016/j.brat.2012.05.004%20", "bbox": [322.0, 95.0, 338.0, 106.0]}, {"pagenum": 11, "uri": "http://dx.doi.org/10.1007/s10608-005-1651-1", "bbox": [390.0, 135.0, 496.0, 146.0]}, {"pagenum": 11, "uri": "http://dx.doi.org/10.1037/0022-3514.88.4.632%20", "bbox": [322.0, 185.0, 429.0, 196.0]}, {"pagenum": 11, "uri": "http://dx.doi.org/10.1016/j.brat.2005.11.005", "bbox": [322.0, 225.0, 423.0, 236.0]}, {"pagenum": 11, "uri": "http://dx.doi.org/10.1037/0021-843X.106.3.416%20", "bbox": [357.0, 255.0, 470.0, 266.0]}, {"pagenum": 11, "uri": "http://dx.doi.org/10.1037/0021-843X.97.3.346", "bbox": [461.0, 285.0, 556.0, 296.0]}, {"pagenum": 11, "uri": "http://dx.doi.org/10.1037/0021-843X.97.3.346", "bbox": [322.0, 295.0, 338.0, 306.0]}, {"pagenum": 11, "uri": "http://dx.doi.org/10.1016/j.cpr.2009.11.002%20", "bbox": [397.0, 335.0, 496.0, 346.0]}, {"pagenum": 11, "uri": "http://dx.doi.org/10.1016/S0005-7894%2805%2980088-7", "bbox": [355.0, 415.0, 476.0, 426.0]}, {"pagenum": 11, "uri": "http://dx.doi.org/10.1037/a0032618.supp", "bbox": [318.0, 609.0, 468.0, 621.0]}, {"pagenum": 11, "uri": "http://dx.doi.org/10.1037/a0033666", "bbox": [141.0, 646.0, 188.0, 654.0]}]}