{"numpages": 10, "version": "1.0.0", "dimensions": {"exceptions": {}, "width": 612.0, "height": 810.0}, "links": [{"destination": {"pagenum": 9, "name": "0005c15"}, "pagenum": 1, "bbox": [283.0, 476.0, 363.0, 488.0]}, {"destination": {"pagenum": 9, "name": "0005c16"}, "pagenum": 1, "bbox": [365.0, 476.0, 385.0, 488.0]}, {"pagenum": 1, "bbox": [220.0, 607.0, 305.0, 618.0], "uri": "http://dx.doi.org/10.1037/arc0000003.supp"}, {"pagenum": 1, "bbox": [143.0, 618.0, 279.0, 628.0], "uri": "file://localhost/tmp/viewapi/workspace/convert-5494f8a91f8044b182b1a210c86f446a/dx.doi.org/10.3886/ICPSR34708.v1"}, {"pagenum": 1, "bbox": [411.0, 691.0, 482.0, 702.0], "uri": "file://localhost/tmp/viewapi/workspace/convert-5494f8a91f8044b182b1a210c86f446a/arcblog.apa.org"}, {"pagenum": 1, "bbox": [432.0, 721.0, 566.0, 732.0], "uri": "file://localhost/tmp/viewapi/workspace/convert-5494f8a91f8044b182b1a210c86f446a/psychology.gatech.edu/CHertzog"}, {"pagenum": 1, "bbox": [114.0, 741.0, 240.0, 752.0], "uri": "mailto:christopher.hertzog@psych.gatech.edu"}, {"pagenum": 1, "bbox": [103.0, 50.0, 157.0, 59.0], "uri": "http://dx.doi.org/10.1037/arc0000003"}, {"destination": {"pagenum": 9, "name": "0005c11"}, "pagenum": 2, "bbox": [126.0, 84.0, 236.0, 96.0]}, {"destination": {"pagenum": 10, "name": "0005c43"}, "pagenum": 2, "bbox": [241.0, 84.0, 293.0, 96.0]}, {"destination": {"pagenum": 9, "name": "0005c11"}, "pagenum": 2, "bbox": [44.0, 128.0, 151.0, 140.0]}, {"destination": {"pagenum": 10, "name": "0005c44"}, "pagenum": 2, "bbox": [65.0, 150.0, 154.0, 162.0]}, {"destination": {"pagenum": 10, "name": "0005c59"}, "pagenum": 2, "bbox": [158.0, 150.0, 256.0, 162.0]}, {"destination": {"pagenum": 9, "name": "0005c11"}, "pagenum": 2, "bbox": [249.0, 225.0, 298.0, 237.0]}, {"destination": {"pagenum": 9, "name": "0005c11"}, "pagenum": 2, "bbox": [44.0, 236.0, 102.0, 248.0]}, {"destination": {"pagenum": 9, "name": "0005c18"}, "pagenum": 2, "bbox": [59.0, 269.0, 157.0, 281.0]}, {"destination": {"pagenum": 9, "name": "0005c31"}, "pagenum": 2, "bbox": [44.0, 291.0, 92.0, 303.0]}, {"destination": {"pagenum": 10, "name": "0005c43"}, "pagenum": 2, "bbox": [96.0, 291.0, 146.0, 303.0]}, {"destination": {"pagenum": 9, "name": "0005c20"}, "pagenum": 2, "bbox": [80.0, 532.0, 228.0, 544.0]}, {"destination": {"pagenum": 10, "name": "0005c50"}, "pagenum": 2, "bbox": [135.0, 642.0, 221.0, 654.0]}, {"destination": {"pagenum": 9, "name": "0005c33"}, "pagenum": 2, "bbox": [168.0, 675.0, 253.0, 687.0]}, {"destination": {"pagenum": 9, "name": "0005c21"}, "pagenum": 2, "bbox": [267.0, 686.0, 298.0, 698.0]}, {"destination": {"pagenum": 9, "name": "0005c21"}, "pagenum": 2, "bbox": [44.0, 697.0, 88.0, 709.0]}, {"destination": {"pagenum": 10, "name": "0005c54"}, "pagenum": 2, "bbox": [91.0, 697.0, 164.0, 709.0]}, {"destination": {"pagenum": 10, "name": "0005c60"}, "pagenum": 2, "bbox": [44.0, 708.0, 174.0, 720.0]}, {"destination": {"pagenum": 10, "name": "0005c62"}, "pagenum": 2, "bbox": [178.0, 708.0, 277.0, 720.0]}, {"destination": {"pagenum": 9, "name": "0005c12"}, "pagenum": 2, "bbox": [244.0, 741.0, 298.0, 753.0]}, {"destination": {"pagenum": 9, "name": "0005c12"}, "pagenum": 2, "bbox": [314.0, 62.0, 353.0, 74.0]}, {"destination": {"pagenum": 9, "name": "0005c2"}, "pagenum": 2, "bbox": [415.0, 95.0, 568.0, 107.0]}, {"destination": {"pagenum": 9, "name": "0005c2"}, "pagenum": 2, "bbox": [314.0, 106.0, 334.0, 118.0]}, {"destination": {"pagenum": 9, "name": "0005c19"}, "pagenum": 2, "bbox": [339.0, 106.0, 523.0, 118.0]}, {"destination": {"pagenum": 10, "name": "0005c61"}, "pagenum": 2, "bbox": [528.0, 106.0, 568.0, 118.0]}, {"destination": {"pagenum": 10, "name": "0005c61"}, "pagenum": 2, "bbox": [314.0, 117.0, 374.0, 129.0]}, {"destination": {"pagenum": 9, "name": "0005c3"}, "pagenum": 2, "bbox": [337.0, 128.0, 478.0, 140.0]}, {"destination": {"pagenum": 9, "name": "0005c19"}, "pagenum": 2, "bbox": [487.0, 150.0, 565.0, 162.0]}, {"destination": {"pagenum": 10, "name": "0005c52"}, "pagenum": 2, "bbox": [314.0, 161.0, 458.0, 173.0]}, {"destination": {"pagenum": 9, "name": "0005c31"}, "pagenum": 2, "bbox": [314.0, 235.0, 364.0, 247.0]}, {"destination": {"pagenum": 9, "name": "0005c32"}, "pagenum": 2, "bbox": [369.0, 235.0, 456.0, 247.0]}, {"destination": {"pagenum": 9, "name": "0005c32"}, "pagenum": 2, "bbox": [391.0, 257.0, 473.0, 269.0]}, {"destination": {"pagenum": 9, "name": "0005c1"}, "pagenum": 2, "bbox": [536.0, 301.0, 568.0, 313.0]}, {"destination": {"pagenum": 9, "name": "0005c1"}, "pagenum": 2, "bbox": [314.0, 312.0, 375.0, 324.0]}, {"destination": {"pagenum": 9, "name": "0005c15"}, "pagenum": 2, "bbox": [379.0, 312.0, 468.0, 324.0]}, {"destination": {"pagenum": 9, "name": "0005c16"}, "pagenum": 2, "bbox": [472.0, 312.0, 492.0, 324.0]}, {"destination": {"pagenum": 9, "name": "0005c35"}, "pagenum": 2, "bbox": [314.0, 345.0, 492.0, 357.0]}, {"destination": {"pagenum": 9, "name": "0005c15"}, "pagenum": 2, "bbox": [339.0, 378.0, 426.0, 390.0]}, {"destination": {"pagenum": 9, "name": "0005c16"}, "pagenum": 2, "bbox": [368.0, 400.0, 465.0, 412.0]}, {"destination": {"pagenum": 9, "name": "0005c1"}, "pagenum": 2, "bbox": [314.0, 444.0, 416.0, 456.0]}, {"destination": {"pagenum": 10, "name": "0005c58"}, "pagenum": 2, "bbox": [445.0, 510.0, 548.0, 522.0]}, {"destination": {"pagenum": 10, "name": "0005c64"}, "pagenum": 3, "bbox": [248.0, 191.0, 298.0, 203.0]}, {"destination": {"pagenum": 10, "name": "0005c64"}, "pagenum": 3, "bbox": [44.0, 202.0, 90.0, 214.0]}, {"destination": {"pagenum": 9, "name": "0005c28"}, "pagenum": 3, "bbox": [123.0, 224.0, 227.0, 236.0]}, {"destination": {"pagenum": 9, "name": "0005c11"}, "pagenum": 3, "bbox": [249.0, 224.0, 298.0, 236.0]}, {"destination": {"pagenum": 9, "name": "0005c11"}, "pagenum": 3, "bbox": [44.0, 235.0, 101.0, 247.0]}, {"destination": {"pagenum": 9, "name": "0005c10"}, "pagenum": 3, "bbox": [44.0, 268.0, 211.0, 280.0]}, {"destination": {"pagenum": 9, "name": "0005c9"}, "pagenum": 3, "bbox": [217.0, 290.0, 298.0, 302.0]}, {"destination": {"pagenum": 9, "name": "0005c9"}, "pagenum": 3, "bbox": [44.0, 301.0, 64.0, 313.0]}, {"destination": {"pagenum": 9, "name": "0005c15"}, "pagenum": 3, "bbox": [68.0, 301.0, 155.0, 313.0]}, {"destination": {"pagenum": 9, "name": "0005c27"}, "pagenum": 3, "bbox": [104.0, 334.0, 194.0, 346.0]}, {"destination": {"pagenum": 9, "name": "0005c28"}, "pagenum": 3, "bbox": [198.0, 334.0, 295.0, 346.0]}, {"destination": {"pagenum": 10, "name": "0005c53"}, "pagenum": 3, "bbox": [44.0, 345.0, 157.0, 357.0]}, {"destination": {"pagenum": 10, "name": "0005c49"}, "pagenum": 3, "bbox": [280.0, 389.0, 298.0, 401.0]}, {"destination": {"pagenum": 10, "name": "0005c49"}, "pagenum": 3, "bbox": [44.0, 400.0, 163.0, 412.0]}, {"destination": {"pagenum": 9, "name": "0005c25"}, "pagenum": 3, "bbox": [108.0, 455.0, 229.0, 467.0]}, {"destination": {"pagenum": 10, "name": "0005c55"}, "pagenum": 3, "bbox": [273.0, 466.0, 298.0, 478.0]}, {"destination": {"pagenum": 10, "name": "0005c55"}, "pagenum": 3, "bbox": [44.0, 477.0, 201.0, 489.0]}, {"destination": {"pagenum": 9, "name": "0005c7"}, "pagenum": 3, "bbox": [175.0, 521.0, 272.0, 533.0]}, {"destination": {"pagenum": 9, "name": "0005c24"}, "pagenum": 3, "bbox": [275.0, 521.0, 298.0, 533.0]}, {"destination": {"pagenum": 9, "name": "0005c24"}, "pagenum": 3, "bbox": [44.0, 532.0, 102.0, 544.0]}, {"destination": {"pagenum": 10, "name": "0005c45"}, "pagenum": 3, "bbox": [106.0, 532.0, 151.0, 544.0]}, {"destination": {"pagenum": 9, "name": "0005c3"}, "pagenum": 3, "bbox": [259.0, 697.0, 298.0, 709.0]}, {"destination": {"pagenum": 9, "name": "0005c3"}, "pagenum": 3, "bbox": [44.0, 708.0, 138.0, 720.0]}, {"destination": {"pagenum": 9, "name": "0005c6"}, "pagenum": 3, "bbox": [314.0, 62.0, 440.0, 74.0]}, {"destination": {"pagenum": 9, "name": "0005c37"}, "pagenum": 3, "bbox": [444.0, 62.0, 494.0, 74.0]}, {"destination": {"pagenum": 10, "name": "0005c48"}, "pagenum": 3, "bbox": [498.0, 62.0, 568.0, 74.0]}, {"destination": {"pagenum": 10, "name": "0005c48"}, "pagenum": 3, "bbox": [314.0, 73.0, 334.0, 85.0]}, {"destination": {"pagenum": 9, "name": "0005c4"}, "pagenum": 3, "bbox": [540.0, 84.0, 568.0, 96.0]}, {"destination": {"pagenum": 9, "name": "0005c4"}, "pagenum": 3, "bbox": [314.0, 95.0, 334.0, 107.0]}, {"destination": {"pagenum": 9, "name": "0005c8"}, "pagenum": 3, "bbox": [417.0, 183.0, 490.0, 195.0]}, {"destination": {"pagenum": 9, "name": "0005c23"}, "pagenum": 3, "bbox": [493.0, 183.0, 568.0, 195.0]}, {"destination": {"pagenum": 9, "name": "0005c23"}, "pagenum": 3, "bbox": [314.0, 194.0, 362.0, 206.0]}, {"destination": {"pagenum": 9, "name": "0005c25"}, "pagenum": 3, "bbox": [536.0, 238.0, 568.0, 250.0]}, {"destination": {"pagenum": 9, "name": "0005c25"}, "pagenum": 3, "bbox": [314.0, 249.0, 348.0, 261.0]}, {"destination": {"pagenum": 10, "name": "0005c52"}, "pagenum": 3, "bbox": [351.0, 249.0, 496.0, 261.0]}, {"destination": {"pagenum": 9, "name": "0005c34"}, "pagenum": 3, "bbox": [365.0, 337.0, 499.0, 349.0]}, {"destination": {"pagenum": 9, "name": "0005c39"}, "pagenum": 3, "bbox": [314.0, 381.0, 414.0, 393.0]}, {"destination": {"pagenum": 9, "name": "0005c38"}, "pagenum": 3, "bbox": [336.0, 392.0, 389.0, 404.0]}, {"destination": {"pagenum": 10, "name": "0005c47"}, "pagenum": 3, "bbox": [457.0, 436.0, 537.0, 448.0]}, {"destination": {"pagenum": 9, "name": "0005c25"}, "pagenum": 3, "bbox": [543.0, 436.0, 568.0, 448.0]}, {"destination": {"pagenum": 9, "name": "0005c25"}, "pagenum": 3, "bbox": [314.0, 447.0, 418.0, 459.0]}, {"destination": {"pagenum": 10, "name": "0005c56"}, "pagenum": 3, "bbox": [472.0, 554.0, 522.0, 566.0]}, {"destination": {"pagenum": 10, "name": "0005c57"}, "pagenum": 3, "bbox": [526.0, 554.0, 568.0, 566.0]}, {"destination": {"pagenum": 10, "name": "0005c57"}, "pagenum": 3, "bbox": [314.0, 565.0, 365.0, 577.0]}, {"destination": {"pagenum": 9, "name": "0005c26"}, "pagenum": 3, "bbox": [365.0, 620.0, 461.0, 632.0]}, {"destination": {"pagenum": 9, "name": "0005c25"}, "pagenum": 4, "bbox": [266.0, 128.0, 298.0, 140.0]}, {"destination": {"pagenum": 9, "name": "0005c25"}, "pagenum": 4, "bbox": [44.0, 139.0, 89.0, 151.0]}, {"destination": {"pagenum": 9, "name": "0005c25"}, "pagenum": 4, "bbox": [266.0, 609.0, 298.0, 621.0]}, {"destination": {"pagenum": 9, "name": "0005c25"}, "pagenum": 4, "bbox": [44.0, 620.0, 82.0, 632.0]}, {"destination": {"pagenum": 4, "name": "0005tbl1"}, "pagenum": 4, "bbox": [323.0, 328.0, 352.0, 340.0]}, {"destination": {"pagenum": 9, "name": "0005c18"}, "pagenum": 4, "bbox": [377.0, 351.0, 476.0, 363.0]}, {"destination": {"pagenum": 9, "name": "0005c31"}, "pagenum": 4, "bbox": [355.0, 374.0, 402.0, 386.0]}, {"destination": {"pagenum": 4, "name": "0005tbl1"}, "pagenum": 4, "bbox": [459.0, 420.0, 489.0, 432.0]}, {"destination": {"pagenum": 10, "name": "0005c60"}, "pagenum": 4, "bbox": [540.0, 489.0, 568.0, 501.0]}, {"destination": {"pagenum": 10, "name": "0005c60"}, "pagenum": 5, "bbox": [44.0, 62.0, 89.0, 74.0]}, {"destination": {"pagenum": 9, "name": "0005c15"}, "pagenum": 5, "bbox": [201.0, 73.0, 287.0, 85.0]}, {"destination": {"pagenum": 10, "name": "0005c60"}, "pagenum": 5, "bbox": [245.0, 117.0, 298.0, 129.0]}, {"destination": {"pagenum": 10, "name": "0005c60"}, "pagenum": 5, "bbox": [44.0, 128.0, 124.0, 140.0]}, {"destination": {"pagenum": 9, "name": "0005c36"}, "pagenum": 5, "bbox": [47.0, 213.0, 214.0, 225.0]}, {"destination": {"pagenum": 9, "name": "0005c13"}, "pagenum": 5, "bbox": [260.0, 334.0, 298.0, 346.0]}, {"destination": {"pagenum": 9, "name": "0005c13"}, "pagenum": 5, "bbox": [44.0, 345.0, 98.0, 357.0]}, {"destination": {"pagenum": 10, "name": "0005c56"}, "pagenum": 5, "bbox": [102.0, 345.0, 152.0, 357.0]}, {"destination": {"pagenum": 10, "name": "0005c56"}, "pagenum": 5, "bbox": [175.0, 587.0, 224.0, 599.0]}, {"destination": {"pagenum": 10, "name": "0005c57"}, "pagenum": 5, "bbox": [174.0, 686.0, 267.0, 698.0]}, {"destination": {"pagenum": 9, "name": "0005c17"}, "pagenum": 5, "bbox": [129.0, 730.0, 208.0, 742.0]}, {"destination": {"pagenum": 10, "name": "0005c46"}, "pagenum": 5, "bbox": [362.0, 152.0, 451.0, 164.0]}, {"destination": {"pagenum": 6, "name": "0005tbl2"}, "pagenum": 5, "bbox": [410.0, 356.0, 440.0, 368.0]}, {"destination": {"pagenum": 10, "name": "0005c57"}, "pagenum": 5, "bbox": [537.0, 379.0, 568.0, 391.0]}, {"destination": {"pagenum": 10, "name": "0005c57"}, "pagenum": 5, "bbox": [314.0, 390.0, 379.0, 402.0]}, {"destination": {"pagenum": 9, "name": "0005c29"}, "pagenum": 5, "bbox": [357.0, 625.0, 399.0, 636.0]}, {"destination": {"pagenum": 10, "name": "0005c63"}, "pagenum": 5, "bbox": [381.0, 634.0, 459.0, 645.0]}, {"destination": {"pagenum": 10, "name": "0005c60"}, "pagenum": 5, "bbox": [542.0, 643.0, 568.0, 654.0]}, {"destination": {"pagenum": 10, "name": "0005c60"}, "pagenum": 5, "bbox": [314.0, 652.0, 353.0, 663.0]}, {"destination": {"pagenum": 6, "name": "0005tbl3"}, "pagenum": 6, "bbox": [53.0, 375.0, 83.0, 387.0]}, {"destination": {"pagenum": 7, "name": "0005tbl4"}, "pagenum": 6, "bbox": [268.0, 375.0, 298.0, 387.0]}, {"destination": {"pagenum": 7, "name": "0005tbl5"}, "pagenum": 6, "bbox": [532.0, 323.0, 563.0, 335.0]}, {"destination": {"pagenum": 7, "name": "0005tbl4"}, "pagenum": 6, "bbox": [356.0, 379.0, 386.0, 391.0]}, {"destination": {"pagenum": 6, "name": "0005tbl3"}, "pagenum": 6, "bbox": [534.0, 447.0, 563.0, 459.0]}, {"destination": {"pagenum": 7, "name": "0005tbl5"}, "pagenum": 6, "bbox": [420.0, 673.0, 449.0, 685.0]}, {"destination": {"pagenum": 7, "name": "0005tbl5"}, "pagenum": 7, "bbox": [73.0, 390.0, 102.0, 402.0]}, {"destination": {"pagenum": 6, "name": "0005tbl3"}, "pagenum": 7, "bbox": [251.0, 511.0, 281.0, 523.0]}, {"destination": {"pagenum": 9, "name": "0005c15"}, "pagenum": 7, "bbox": [369.0, 387.0, 459.0, 399.0]}, {"destination": {"pagenum": 9, "name": "0005c16"}, "pagenum": 7, "bbox": [464.0, 387.0, 484.0, 399.0]}, {"destination": {"pagenum": 9, "name": "0005c1"}, "pagenum": 7, "bbox": [314.0, 466.0, 408.0, 478.0]}, {"destination": {"pagenum": 10, "name": "0005c58"}, "pagenum": 7, "bbox": [412.0, 466.0, 506.0, 478.0]}, {"destination": {"pagenum": 10, "name": "0005c52"}, "pagenum": 7, "bbox": [436.0, 589.0, 517.0, 601.0]}, {"destination": {"pagenum": 9, "name": "0005c19"}, "pagenum": 7, "bbox": [513.0, 623.0, 568.0, 635.0]}, {"destination": {"pagenum": 9, "name": "0005c19"}, "pagenum": 7, "bbox": [314.0, 634.0, 334.0, 646.0]}, {"destination": {"pagenum": 9, "name": "0005c34"}, "pagenum": 8, "bbox": [248.0, 62.0, 298.0, 74.0]}, {"destination": {"pagenum": 9, "name": "0005c34"}, "pagenum": 8, "bbox": [44.0, 73.0, 64.0, 85.0]}, {"destination": {"pagenum": 9, "name": "0005c42"}, "pagenum": 8, "bbox": [67.0, 73.0, 118.0, 85.0]}, {"destination": {"pagenum": 9, "name": "0005c15"}, "pagenum": 8, "bbox": [200.0, 140.0, 298.0, 152.0]}, {"destination": {"pagenum": 10, "name": "0005c58"}, "pagenum": 8, "bbox": [180.0, 196.0, 274.0, 208.0]}, {"destination": {"pagenum": 9, "name": "0005c1"}, "pagenum": 8, "bbox": [266.0, 274.0, 298.0, 286.0]}, {"destination": {"pagenum": 9, "name": "0005c1"}, "pagenum": 8, "bbox": [44.0, 285.0, 103.0, 297.0]}, {"destination": {"pagenum": 9, "name": "0005c40"}, "pagenum": 8, "bbox": [127.0, 318.0, 298.0, 330.0]}, {"destination": {"pagenum": 9, "name": "0005c40"}, "pagenum": 8, "bbox": [44.0, 329.0, 64.0, 341.0]}, {"destination": {"pagenum": 10, "name": "0005c58"}, "pagenum": 8, "bbox": [53.0, 374.0, 159.0, 386.0]}, {"destination": {"pagenum": 9, "name": "0005c30"}, "pagenum": 8, "bbox": [183.0, 474.0, 283.0, 486.0]}, {"destination": {"pagenum": 9, "name": "0005c22"}, "pagenum": 8, "bbox": [265.0, 630.0, 298.0, 642.0]}, {"destination": {"pagenum": 9, "name": "0005c22"}, "pagenum": 8, "bbox": [44.0, 641.0, 159.0, 653.0]}, {"destination": {"pagenum": 9, "name": "0005c41"}, "pagenum": 8, "bbox": [66.0, 708.0, 210.0, 720.0]}, {"destination": {"pagenum": 10, "name": "0005c47"}, "pagenum": 8, "bbox": [214.0, 708.0, 295.0, 720.0]}, {"destination": {"pagenum": 10, "name": "0005c51"}, "pagenum": 8, "bbox": [44.0, 719.0, 109.0, 731.0]}, {"destination": {"pagenum": 9, "name": "0005c14"}, "pagenum": 8, "bbox": [337.0, 143.0, 428.0, 155.0]}, {"destination": {"pagenum": 9, "name": "0005c5"}, "pagenum": 8, "bbox": [314.0, 304.0, 379.0, 316.0]}, {"pagenum": 9, "bbox": [134.0, 101.0, 240.0, 112.0], "uri": "http://dx.doi.org/10.3758/s13421-010-0002-y"}, {"pagenum": 9, "bbox": [123.0, 132.0, 243.0, 142.0], "uri": "http://dx.doi.org/10.1016/0749-596X%2889%2990016-8"}, {"pagenum": 9, "bbox": [255.0, 162.0, 298.0, 173.0], "uri": "http://dx.doi.org/10.1037/0096-3445.127.1.55"}, {"pagenum": 9, "bbox": [52.0, 172.0, 119.0, 183.0], "uri": "http://dx.doi.org/10.1037/0096-3445.127.1.55"}, {"pagenum": 9, "bbox": [255.0, 223.0, 298.0, 234.0], "uri": "http://dx.doi.org/10.1037/h0047470"}, {"pagenum": 9, "bbox": [52.0, 233.0, 86.0, 244.0], "uri": "http://dx.doi.org/10.1037/h0047470"}, {"pagenum": 9, "bbox": [52.0, 264.0, 159.0, 275.0], "uri": "http://dx.doi.org/10.1037/0882-7974.21.3.483"}, {"pagenum": 9, "bbox": [135.0, 294.0, 235.0, 305.0], "uri": "http://dx.doi.org/10.1016/j.jml.2007.06.006"}, {"pagenum": 9, "bbox": [98.0, 325.0, 183.0, 336.0], "uri": "http://dx.doi.org/10.3758/BF03211972"}, {"pagenum": 9, "bbox": [255.0, 356.0, 298.0, 366.0], "uri": "http://dx.doi.org/10.1037/0882-7974.15.3.462"}, {"pagenum": 9, "bbox": [52.0, 366.0, 119.0, 376.0], "uri": "http://dx.doi.org/10.1037/0882-7974.15.3.462"}, {"pagenum": 9, "bbox": [183.0, 396.0, 290.0, 407.0], "uri": "http://dx.doi.org/10.1037/0012-1649.41.2.389"}, {"pagenum": 9, "bbox": [86.0, 447.0, 192.0, 458.0], "uri": "http://dx.doi.org/10.3758/s13421-011-0138-4"}, {"pagenum": 9, "bbox": [130.0, 478.0, 239.0, 488.0], "uri": "http://dx.doi.org/10.1037/1082-989X.12.2.121"}, {"pagenum": 9, "bbox": [176.0, 508.0, 284.0, 519.0], "uri": "http://dx.doi.org/10.1037/0021-9010.73.3.421"}, {"pagenum": 9, "bbox": [211.0, 539.0, 298.0, 549.0], "uri": "http://dx.doi.org/10.1037/0278-7393.33.1.238"}, {"pagenum": 9, "bbox": [52.0, 549.0, 74.0, 559.0], "uri": "http://dx.doi.org/10.1037/0278-7393.33.1.238"}, {"pagenum": 9, "bbox": [284.0, 569.0, 298.0, 580.0], "uri": "http://dx.doi.org/10.1016/j.jml.2007.03.006"}, {"pagenum": 9, "bbox": [52.0, 579.0, 139.0, 590.0], "uri": "http://dx.doi.org/10.1016/j.jml.2007.03.006"}, {"pagenum": 9, "bbox": [52.0, 630.0, 163.0, 641.0], "uri": "http://dx.doi.org/10.1037/0033-2909.119.1.159"}, {"pagenum": 9, "bbox": [255.0, 661.0, 298.0, 671.0], "uri": "http://dx.doi.org/10.1037/0278-7393.29.1.22"}, {"pagenum": 9, "bbox": [52.0, 671.0, 115.0, 681.0], "uri": "http://dx.doi.org/10.1037/0278-7393.29.1.22"}, {"pagenum": 9, "bbox": [121.0, 701.0, 206.0, 712.0], "uri": "http://dx.doi.org/10.3758/MC.38.6.771"}, {"pagenum": 9, "bbox": [185.0, 742.0, 295.0, 753.0], "uri": "http://dx.doi.org/10.1080/17470210701855520"}, {"pagenum": 9, "bbox": [524.0, 83.0, 568.0, 94.0], "uri": "http://dx.doi.org/10.1037/a0019812"}, {"pagenum": 9, "bbox": [322.0, 94.0, 356.0, 105.0], "uri": "http://dx.doi.org/10.1037/a0019812"}, {"pagenum": 9, "bbox": [446.0, 125.0, 554.0, 136.0], "uri": "http://dx.doi.org/10.1037/0882-7974.22.3.607"}, {"pagenum": 9, "bbox": [322.0, 167.0, 429.0, 178.0], "uri": "http://dx.doi.org/10.1037/0278-7393.27.2.375"}, {"pagenum": 9, "bbox": [523.0, 198.0, 568.0, 209.0], "uri": "http://dx.doi.org/10.1037/a0014417"}, {"pagenum": 9, "bbox": [322.0, 209.0, 356.0, 220.0], "uri": "http://dx.doi.org/10.1037/a0014417"}, {"pagenum": 9, "bbox": [400.0, 240.0, 484.0, 251.0], "uri": "http://dx.doi.org/10.3758/BF03192848"}, {"pagenum": 9, "bbox": [523.0, 261.0, 568.0, 272.0], "uri": "http://dx.doi.org/10.1111/j.0963-7214.2006.00405.x"}, {"pagenum": 9, "bbox": [322.0, 272.0, 407.0, 282.0], "uri": "http://dx.doi.org/10.1111/j.0963-7214.2006.00405.x"}, {"pagenum": 9, "bbox": [356.0, 303.0, 479.0, 314.0], "uri": "http://dx.doi.org/10.1016/S0749-596X%2802%2900504-1"}, {"pagenum": 9, "bbox": [507.0, 324.0, 568.0, 335.0], "uri": "http://dx.doi.org/10.1016/0001-6918%2891%2990036-Y"}, {"pagenum": 9, "bbox": [322.0, 334.0, 382.0, 345.0], "uri": "http://dx.doi.org/10.1016/0001-6918%2891%2990036-Y"}, {"pagenum": 9, "bbox": [523.0, 355.0, 568.0, 366.0], "uri": "http://dx.doi.org/10.1016/j.lindif.2007.03.004"}, {"pagenum": 9, "bbox": [322.0, 366.0, 385.0, 376.0], "uri": "http://dx.doi.org/10.1016/j.lindif.2007.03.004"}, {"pagenum": 9, "bbox": [445.0, 397.0, 557.0, 408.0], "uri": "http://dx.doi.org/10.1037/0096-3445.126.4.349"}, {"pagenum": 9, "bbox": [450.0, 428.0, 557.0, 439.0], "uri": "http://dx.doi.org/10.1037/0278-7393.31.2.187"}, {"pagenum": 9, "bbox": [524.0, 460.0, 568.0, 470.0], "uri": "http://dx.doi.org/10.3758/BF03193244"}, {"pagenum": 9, "bbox": [322.0, 470.0, 366.0, 481.0], "uri": "http://dx.doi.org/10.3758/BF03193244"}, {"pagenum": 9, "bbox": [491.0, 512.0, 568.0, 523.0], "uri": "http://dx.doi.org/10.1037/0096-3445.135.1.36"}, {"pagenum": 9, "bbox": [322.0, 522.0, 354.0, 533.0], "uri": "http://dx.doi.org/10.1037/0096-3445.135.1.36"}, {"pagenum": 9, "bbox": [339.0, 564.0, 445.0, 575.0], "uri": "http://dx.doi.org/10.1177/0956797611407929"}, {"pagenum": 9, "bbox": [420.0, 606.0, 529.0, 617.0], "uri": "http://dx.doi.org/10.1037/0033-295X.95.4.492"}, {"pagenum": 9, "bbox": [525.0, 627.0, 568.0, 638.0], "uri": "http://dx.doi.org/10.1037/h0078822"}, {"pagenum": 9, "bbox": [322.0, 637.0, 356.0, 648.0], "uri": "http://dx.doi.org/10.1037/h0078822"}, {"pagenum": 9, "bbox": [395.0, 669.0, 502.0, 680.0], "uri": "http://dx.doi.org/10.1037/0096-3445.122.1.47"}, {"pagenum": 9, "bbox": [525.0, 700.0, 568.0, 711.0], "uri": "http://dx.doi.org/10.1016/j.concog.2011.08.012"}, {"pagenum": 9, "bbox": [322.0, 711.0, 393.0, 721.0], "uri": "http://dx.doi.org/10.1016/j.concog.2011.08.012"}, {"pagenum": 9, "bbox": [406.0, 742.0, 513.0, 753.0], "uri": "http://dx.doi.org/10.1037/0882-7974.22.1.202"}, {"pagenum": 10, "bbox": [255.0, 72.0, 298.0, 83.0], "uri": "http://dx.doi.org/10.1037/0096-3445.122.2.269"}, {"pagenum": 10, "bbox": [52.0, 82.0, 123.0, 93.0], "uri": "http://dx.doi.org/10.1037/0096-3445.122.2.269"}, {"pagenum": 10, "bbox": [114.0, 102.0, 223.0, 113.0], "uri": "http://dx.doi.org/10.1037/0003-066X.51.2.102"}, {"pagenum": 10, "bbox": [149.0, 142.0, 271.0, 153.0], "uri": "http://dx.doi.org/10.1016/S0079-7421%2808%2960053-5"}, {"pagenum": 10, "bbox": [52.0, 172.0, 152.0, 183.0], "uri": "http://dx.doi.org/10.1016/j.jml.2007.03.003"}, {"pagenum": 10, "bbox": [146.0, 192.0, 251.0, 203.0], "uri": "http://dx.doi.org/10.1007/978-1-4419-0318-1"}, {"pagenum": 10, "bbox": [255.0, 252.0, 298.0, 263.0], "uri": "http://dx.doi.org/10.1037/a0014086"}, {"pagenum": 10, "bbox": [52.0, 262.0, 86.0, 273.0], "uri": "http://dx.doi.org/10.1037/a0014086"}, {"pagenum": 10, "bbox": [87.0, 292.0, 161.0, 303.0], "uri": "http://dx.doi.org/10.1037/a0023810"}, {"pagenum": 10, "bbox": [221.0, 322.0, 295.0, 333.0], "uri": "http://dx.doi.org/10.1037/a0013684"}, {"pagenum": 10, "bbox": [255.0, 352.0, 298.0, 363.0], "uri": "http://dx.doi.org/10.3758/BF03208837"}, {"pagenum": 10, "bbox": [52.0, 362.0, 96.0, 373.0], "uri": "http://dx.doi.org/10.3758/BF03208837"}, {"pagenum": 10, "bbox": [87.0, 392.0, 197.0, 403.0], "uri": "http://dx.doi.org/10.1080/13825580600572983"}, {"pagenum": 10, "bbox": [86.0, 452.0, 207.0, 463.0], "uri": "http://dx.doi.org/10.1016/S0022-5371%2881%2990389-3"}, {"pagenum": 10, "bbox": [450.0, 83.0, 561.0, 94.0], "uri": "http://dx.doi.org/10.1080/09658210802190596"}, {"pagenum": 10, "bbox": [369.0, 167.0, 443.0, 178.0], "uri": "http://dx.doi.org/10.1037/a0025246"}, {"pagenum": 10, "bbox": [413.0, 209.0, 524.0, 220.0], "uri": "http://dx.doi.org/10.1037/0278-7393.25.4.1024"}, {"pagenum": 10, "bbox": [455.0, 241.0, 562.0, 252.0], "uri": "http://dx.doi.org/10.1027/1618-3169/a000039"}, {"pagenum": 10, "bbox": [343.0, 283.0, 417.0, 294.0], "uri": "http://dx.doi.org/10.1037/a0023719"}, {"pagenum": 10, "bbox": [364.0, 325.0, 475.0, 336.0], "uri": "http://dx.doi.org/10.1037/0278-7393.29.6.1058"}, {"pagenum": 10, "bbox": [438.0, 356.0, 546.0, 367.0], "uri": "http://dx.doi.org/10.1037/0021-9010.88.3.490"}, {"pagenum": 10, "bbox": [357.0, 388.0, 468.0, 399.0], "uri": "http://dx.doi.org/10.1037/0033-2909.133.5.800"}]}